pickup_datetime,dropoff_datetime,passenger_count,trip_distance,pickup_location_id
2019-01-01 00:00:00.000000 UTC,2019-01-01 06:13:51.000000 UTC,2,2.42,193
2019-01-01 00:00:05.000000 UTC,2019-01-01 00:12:04.000000 UTC,1,2.2,25
2019-01-01 00:00:06.000000 UTC,2019-01-01 00:03:06.000000 UTC,1,0.7,7
2019-01-01 00:00:11.000000 UTC,2019-01-01 00:06:40.000000 UTC,1,1.4,82
2019-01-01 00:00:15.000000 UTC,2019-01-01 00:11:28.000000 UTC,1,5.17,42
2019-01-01 00:00:51.000000 UTC,2019-01-01 00:03:15.000000 UTC,1,0.4,116
2019-01-01 00:01:00.000000 UTC,2019-01-01 00:06:27.000000 UTC,1,1.43,82
2019-01-01 00:01:17.000000 UTC,2019-01-01 00:21:33.000000 UTC,1,3.08,106
2019-01-01 00:01:21.000000 UTC,2019-01-01 00:08:45.000000 UTC,1,1.21,97
2019-01-01 00:01:21.000000 UTC,2019-01-01 00:11:08.000000 UTC,1,1.75,82
2019-01-01 00:02:06.000000 UTC,2019-01-01 00:18:31.000000 UTC,1,2.84,255
2019-01-01 00:02:16.000000 UTC,2019-01-01 00:32:40.000000 UTC,3,6.05,80
2019-01-01 00:02:16.000000 UTC,2019-01-01 00:12:29.000000 UTC,1,2.06,173
2019-01-01 00:02:44.000000 UTC,2019-01-01 00:08:44.000000 UTC,2,0.97,82
2019-01-01 00:02:51.000000 UTC,2019-01-01 00:06:43.000000 UTC,0,0.9,65
2019-01-01 00:03:02.000000 UTC,2019-01-01 00:13:15.000000 UTC,1,2.38,243
2019-01-01 00:03:07.000000 UTC,2019-01-01 00:13:49.000000 UTC,1,1.6,82
2019-01-01 00:03:11.000000 UTC,2019-01-01 00:08:26.000000 UTC,1,0.78,74
2019-01-01 00:03:12.000000 UTC,2019-01-01 00:05:30.000000 UTC,1,0.4,41
2019-01-01 00:03:18.000000 UTC,2019-01-01 00:13:10.000000 UTC,1,2.49,95
2019-01-01 00:03:29.000000 UTC,2019-01-01 00:31:40.000000 UTC,1,8.32,53
2019-01-01 00:03:41.000000 UTC,2019-01-01 00:15:42.000000 UTC,1,2.26,97
2019-01-01 00:03:42.000000 UTC,2019-01-01 00:04:30.000000 UTC,1,0,264
2019-01-01 00:03:49.000000 UTC,2019-01-01 00:11:32.000000 UTC,1,1.97,95
2019-01-01 00:03:55.000000 UTC,2019-01-01 00:15:25.000000 UTC,1,2.4,129
2019-01-01 00:03:58.000000 UTC,2019-01-01 00:15:28.000000 UTC,1,4.75,152
2019-01-01 00:04:00.000000 UTC,2019-01-01 00:07:42.000000 UTC,2,0.6,95
2019-01-01 00:04:16.000000 UTC,2019-01-01 00:18:07.000000 UTC,2,2.68,244
2019-01-01 00:04:20.000000 UTC,2019-01-01 00:27:33.000000 UTC,1,9.88,36
2019-01-01 00:04:45.000000 UTC,2019-01-01 00:31:20.000000 UTC,2,6.03,74
2019-01-01 00:04:47.000000 UTC,2019-01-01 00:10:50.000000 UTC,1,2.09,95
2019-01-01 00:04:50.000000 UTC,2019-01-01 00:13:06.000000 UTC,1,1.18,7
2019-01-01 00:04:54.000000 UTC,2019-01-01 00:04:57.000000 UTC,3,0,42
2019-01-01 00:04:59.000000 UTC,2019-01-01 00:25:28.000000 UTC,1,6.65,75
2019-01-01 00:05:05.000000 UTC,2019-01-01 00:37:57.000000 UTC,1,6.41,49
2019-01-01 00:05:06.000000 UTC,2019-01-01 00:26:26.000000 UTC,1,8.8,223
2019-01-01 00:05:08.000000 UTC,2019-01-01 00:26:03.000000 UTC,1,10.42,97
2019-01-01 00:05:10.000000 UTC,2019-01-01 00:12:34.000000 UTC,6,0.85,95
2019-01-01 00:05:11.000000 UTC,2019-01-01 00:17:55.000000 UTC,1,2.67,61
2019-01-01 00:05:16.000000 UTC,2019-01-01 00:36:39.000000 UTC,1,6.21,181
2019-01-01 00:05:20.000000 UTC,2019-01-01 00:14:07.000000 UTC,1,1.43,225
2019-01-01 00:05:24.000000 UTC,2019-01-01 00:16:40.000000 UTC,1,2.55,41
2019-01-01 00:05:24.000000 UTC,2019-01-01 00:20:43.000000 UTC,1,5.14,181
2019-01-01 00:05:25.000000 UTC,2019-01-01 00:14:13.000000 UTC,2,1.31,255
2019-01-01 00:05:25.000000 UTC,2019-01-01 00:13:28.000000 UTC,1,2.2,95
2019-01-01 00:05:29.000000 UTC,2019-01-01 00:07:24.000000 UTC,1,0.76,25
2019-01-01 00:05:33.000000 UTC,2019-01-01 00:10:12.000000 UTC,2,0.47,119
2019-01-01 00:05:42.000000 UTC,2019-01-01 00:09:08.000000 UTC,1,0.48,255
2019-01-01 00:05:50.000000 UTC,2019-01-01 00:46:29.000000 UTC,1,12.18,181
2019-01-01 00:05:53.000000 UTC,2019-01-01 00:27:14.000000 UTC,1,4.94,255
2019-01-01 00:05:55.000000 UTC,2019-01-01 00:16:03.000000 UTC,1,2.45,42
2019-01-01 00:06:08.000000 UTC,2019-01-01 00:13:22.000000 UTC,1,1.64,42
2019-01-01 00:06:25.000000 UTC,2019-01-01 00:15:44.000000 UTC,1,1.83,260
2019-01-01 00:06:31.000000 UTC,2019-01-01 00:14:44.000000 UTC,1,2.31,134
2019-01-01 00:06:42.000000 UTC,2019-01-01 00:20:37.000000 UTC,5,4.29,42
2019-01-01 00:06:45.000000 UTC,2019-01-01 00:31:45.000000 UTC,1,4,33
2019-01-01 00:06:52.000000 UTC,2019-01-01 00:23:35.000000 UTC,1,2.58,116
2019-01-01 00:07:00.000000 UTC,2019-01-01 00:27:11.000000 UTC,6,5.92,66
2019-01-01 00:07:02.000000 UTC,2019-01-01 00:13:33.000000 UTC,1,0.75,225
2019-01-01 00:07:14.000000 UTC,2019-01-01 00:15:33.000000 UTC,1,0.85,41
2019-01-01 00:07:17.000000 UTC,2019-01-01 00:15:01.000000 UTC,2,1.3,97
2019-01-01 00:07:21.000000 UTC,2019-01-01 00:11:33.000000 UTC,1,0.82,7
2019-01-01 00:07:24.000000 UTC,2019-01-01 00:09:42.000000 UTC,1,0.4,33
2019-01-01 00:07:24.000000 UTC,2019-01-01 00:20:20.000000 UTC,1,1.9,75
2019-01-01 00:07:29.000000 UTC,2019-01-01 00:17:41.000000 UTC,1,5.12,74
2019-01-01 00:07:29.000000 UTC,2019-01-01 00:30:20.000000 UTC,1,7.44,181
2019-01-01 00:07:33.000000 UTC,2019-01-01 00:22:44.000000 UTC,1,4.49,55
2019-01-01 00:07:35.000000 UTC,2019-01-01 00:12:22.000000 UTC,1,0.75,41
2019-01-01 00:07:39.000000 UTC,2019-01-01 00:10:28.000000 UTC,6,0.5,7
2019-01-01 00:07:43.000000 UTC,2019-01-01 00:18:12.000000 UTC,2,1.48,82
2019-01-01 00:07:47.000000 UTC,2019-01-01 00:24:54.000000 UTC,1,5.49,33
2019-01-01 00:07:56.000000 UTC,2019-01-01 00:38:49.000000 UTC,1,5.91,255
2019-01-01 00:08:07.000000 UTC,2019-01-01 00:18:36.000000 UTC,3,1.36,182
2019-01-01 00:08:09.000000 UTC,2019-01-01 00:35:40.000000 UTC,2,8.73,66
2019-01-01 00:08:13.000000 UTC,2019-01-01 00:11:47.000000 UTC,1,0.7,255
2019-01-01 00:08:13.000000 UTC,2019-01-01 00:24:45.000000 UTC,1,4.68,255
2019-01-01 00:08:19.000000 UTC,2019-01-01 00:12:33.000000 UTC,1,0.79,7
2019-01-01 00:08:19.000000 UTC,2019-01-01 00:27:05.000000 UTC,1,3.6,181
2019-01-01 00:08:33.000000 UTC,2019-01-01 00:18:57.000000 UTC,1,2.71,190
2019-01-01 00:08:39.000000 UTC,2019-01-01 00:36:29.000000 UTC,1,10.1,181
2019-01-01 00:08:40.000000 UTC,2019-01-01 00:13:15.000000 UTC,2,0.81,179
2019-01-01 00:08:42.000000 UTC,2019-01-01 00:14:03.000000 UTC,1,0.77,95
2019-01-01 00:08:55.000000 UTC,2019-01-01 00:24:20.000000 UTC,1,3.45,75
2019-01-01 00:09:01.000000 UTC,2019-01-01 00:22:00.000000 UTC,1,2.99,7
2019-01-01 00:09:02.000000 UTC,2019-01-01 00:17:50.000000 UTC,1,1.2,256
2019-01-01 00:09:03.000000 UTC,2019-01-01 00:39:56.000000 UTC,3,6.85,255
2019-01-01 00:09:03.000000 UTC,2019-01-01 00:17:07.000000 UTC,5,1.38,215
2019-01-01 00:09:04.000000 UTC,2019-01-01 00:14:34.000000 UTC,1,1.11,91
2019-01-01 00:09:09.000000 UTC,2019-01-01 01:04:26.000000 UTC,3,11.75,61
2019-01-01 00:09:09.000000 UTC,2019-01-01 00:27:08.000000 UTC,1,3.91,255
2019-01-01 00:09:09.000000 UTC,2019-01-01 00:14:05.000000 UTC,1,1.1,75
2019-01-01 00:09:23.000000 UTC,2019-01-01 00:41:23.000000 UTC,1,1.89,130
2019-01-01 00:09:25.000000 UTC,2019-01-01 00:21:53.000000 UTC,1,2.46,235
2019-01-01 00:09:26.000000 UTC,2019-01-01 00:17:42.000000 UTC,1,1.49,166
2019-01-01 00:09:27.000000 UTC,2019-01-01 00:18:21.000000 UTC,1,2.26,41
2019-01-01 00:09:28.000000 UTC,2019-01-02 00:00:00.000000 UTC,1,3.59,181
2019-01-01 00:09:33.000000 UTC,2019-01-01 00:28:01.000000 UTC,1,3.8,25
2019-01-01 00:09:35.000000 UTC,2019-01-01 23:59:40.000000 UTC,1,14.88,145
2019-01-01 00:09:37.000000 UTC,2019-01-01 00:23:40.000000 UTC,1,3.1,7
2019-01-01 00:09:39.000000 UTC,2019-01-01 00:21:52.000000 UTC,1,2.24,14
2019-01-01 00:09:41.000000 UTC,2019-01-01 00:13:58.000000 UTC,1,0.66,25
2019-01-01 00:09:44.000000 UTC,2019-01-01 00:47:33.000000 UTC,1,7.04,66
2019-01-01 00:09:44.000000 UTC,2019-01-01 00:23:55.000000 UTC,1,5.37,167
2019-01-01 00:09:45.000000 UTC,2019-01-01 00:21:18.000000 UTC,1,2.4,75
2019-01-01 00:09:47.000000 UTC,2019-01-01 00:20:41.000000 UTC,1,0.58,116
2019-01-01 00:09:48.000000 UTC,2019-01-01 00:16:02.000000 UTC,1,1.46,74
2019-01-01 00:09:55.000000 UTC,2019-01-01 00:34:56.000000 UTC,1,7.8,97
2019-01-01 00:10:00.000000 UTC,2019-01-01 00:22:54.000000 UTC,1,3.44,97
2019-01-01 00:10:01.000000 UTC,2019-01-01 00:28:58.000000 UTC,1,5.01,97
2019-01-01 00:10:04.000000 UTC,2019-01-01 00:21:25.000000 UTC,1,1.8,49
2019-01-01 00:10:07.000000 UTC,2019-01-01 00:18:53.000000 UTC,1,1.5,66
2019-01-01 00:10:09.000000 UTC,2019-01-01 00:31:20.000000 UTC,1,12.04,82
2019-01-01 00:10:10.000000 UTC,2019-01-01 00:23:16.000000 UTC,1,2.12,70
2019-01-01 00:10:14.000000 UTC,2019-01-01 00:27:47.000000 UTC,1,4.86,181
2019-01-01 00:10:16.000000 UTC,2019-01-01 00:19:23.000000 UTC,1,2.72,112
2019-01-01 00:10:16.000000 UTC,2019-01-01 00:16:32.000000 UTC,2,0.86,97
2019-01-01 00:10:20.000000 UTC,2019-01-01 00:26:09.000000 UTC,1,6.93,25
2019-01-01 00:10:25.000000 UTC,2019-01-01 00:23:14.000000 UTC,2,2.36,25
2019-01-01 00:10:28.000000 UTC,2019-01-01 00:30:20.000000 UTC,1,2.89,85
2019-01-01 00:10:35.000000 UTC,2019-01-01 00:32:51.000000 UTC,1,6.44,42
2019-01-01 00:10:36.000000 UTC,2019-01-01 00:24:27.000000 UTC,1,5.48,41
2019-01-01 00:10:39.000000 UTC,2019-01-01 00:18:05.000000 UTC,5,1.05,112
2019-01-01 00:10:43.000000 UTC,2019-01-01 00:15:37.000000 UTC,1,0.89,42
2019-01-01 00:10:45.000000 UTC,2019-01-01 00:15:51.000000 UTC,1,0.76,7
2019-01-01 00:10:46.000000 UTC,2019-01-01 00:16:39.000000 UTC,1,1.09,74
2019-01-01 00:10:50.000000 UTC,2019-01-01 00:11:23.000000 UTC,2,0.23,244
2019-01-01 00:10:54.000000 UTC,2019-01-01 00:33:18.000000 UTC,1,6.39,41
2019-01-01 00:10:54.000000 UTC,2019-01-01 00:20:30.000000 UTC,1,0.94,41
2019-01-01 00:10:55.000000 UTC,2019-01-01 00:21:08.000000 UTC,1,2.21,41
2019-01-01 00:10:59.000000 UTC,2019-01-01 00:24:06.000000 UTC,1,4.6,74
2019-01-01 00:11:04.000000 UTC,2019-01-01 00:25:28.000000 UTC,6,0,260
2019-01-01 00:11:05.000000 UTC,2019-01-01 00:13:48.000000 UTC,1,0.68,42
2019-01-01 00:11:05.000000 UTC,2019-01-01 00:23:15.000000 UTC,1,2.66,61
2019-01-01 00:11:12.000000 UTC,2019-01-01 00:17:58.000000 UTC,2,0.89,225
2019-01-01 00:11:15.000000 UTC,2019-01-01 00:34:38.000000 UTC,1,7.02,41
2019-01-01 00:11:16.000000 UTC,2019-01-01 00:29:31.000000 UTC,2,3.2,256
2019-01-01 00:11:16.000000 UTC,2019-01-01 00:19:01.000000 UTC,5,1.96,145
2019-01-01 00:11:19.000000 UTC,2019-01-01 00:12:29.000000 UTC,1,0.2,7
2019-01-01 00:11:20.000000 UTC,2019-01-01 00:24:58.000000 UTC,1,2.74,71
2019-01-01 00:11:22.000000 UTC,2019-01-01 00:29:29.000000 UTC,1,3.77,196
2019-01-01 00:11:25.000000 UTC,2019-01-01 00:21:07.000000 UTC,1,1.97,41
2019-01-01 00:11:25.000000 UTC,2019-01-01 00:26:39.000000 UTC,1,4.7,248
2019-01-01 00:11:26.000000 UTC,2019-01-01 01:06:38.000000 UTC,1,9.92,193
2019-01-01 00:11:46.000000 UTC,2019-01-01 00:15:55.000000 UTC,1,0.5,165
2019-01-01 00:11:53.000000 UTC,2019-01-01 00:30:23.000000 UTC,1,7.7,116
2019-01-01 00:11:57.000000 UTC,2019-01-01 00:26:09.000000 UTC,1,1.72,42
2019-01-01 00:12:06.000000 UTC,2019-01-01 00:24:31.000000 UTC,5,3.32,75
2019-01-01 00:12:07.000000 UTC,2019-01-01 00:19:16.000000 UTC,1,1,82
2019-01-01 00:12:09.000000 UTC,2019-01-01 00:13:19.000000 UTC,5,0.25,7
2019-01-01 00:12:09.000000 UTC,2019-01-01 00:25:45.000000 UTC,1,2.95,66
2019-01-01 00:12:10.000000 UTC,2019-01-01 00:21:17.000000 UTC,1,0.27,39
2019-01-01 00:12:10.000000 UTC,2019-01-01 00:30:16.000000 UTC,1,3.57,25
2019-01-01 00:12:14.000000 UTC,2019-01-01 00:38:53.000000 UTC,1,11.49,25
2019-01-01 00:12:14.000000 UTC,2019-01-01 00:28:49.000000 UTC,1,7.06,255
2019-01-01 00:12:20.000000 UTC,2019-01-01 00:17:46.000000 UTC,0,1,42
2019-01-01 00:12:20.000000 UTC,2019-01-01 00:27:19.000000 UTC,1,5.85,24
2019-01-01 00:12:25.000000 UTC,2019-01-01 00:28:48.000000 UTC,1,3.14,42
2019-01-01 00:12:31.000000 UTC,2019-01-01 00:30:47.000000 UTC,2,6.82,66
2019-01-01 00:12:31.000000 UTC,2019-01-01 00:22:38.000000 UTC,1,1.5,41
2019-01-01 00:12:32.000000 UTC,2019-01-01 00:44:59.000000 UTC,1,12.39,136
2019-01-01 00:12:33.000000 UTC,2019-01-01 00:33:47.000000 UTC,1,5.47,33
2019-01-01 00:12:34.000000 UTC,2019-01-01 00:18:23.000000 UTC,2,0.58,42
2019-01-01 00:12:35.000000 UTC,2019-01-01 00:19:09.000000 UTC,1,1.05,49
2019-01-01 00:12:40.000000 UTC,2019-01-01 00:21:36.000000 UTC,1,1.81,16
2019-01-01 00:12:41.000000 UTC,2019-01-01 00:22:48.000000 UTC,1,1.44,181
2019-01-01 00:12:41.000000 UTC,2019-01-01 00:29:20.000000 UTC,1,2.22,37
2019-01-01 00:12:43.000000 UTC,2019-01-01 00:27:52.000000 UTC,1,4,74
2019-01-01 00:12:45.000000 UTC,2019-01-01 00:25:00.000000 UTC,1,2.11,95
2019-01-01 00:12:46.000000 UTC,2019-01-01 00:32:28.000000 UTC,1,9.49,121
2019-01-01 00:12:47.000000 UTC,2019-01-01 00:30:50.000000 UTC,1,4.1,76
2019-01-01 00:12:48.000000 UTC,2019-01-01 00:20:39.000000 UTC,1,1.18,255
2019-01-01 00:12:55.000000 UTC,2019-01-01 00:24:18.000000 UTC,2,4.5,33
2019-01-01 00:13:01.000000 UTC,2019-01-01 00:32:01.000000 UTC,2,5.83,25
2019-01-01 00:13:02.000000 UTC,2019-01-01 00:20:05.000000 UTC,1,1.12,41
2019-01-01 00:13:02.000000 UTC,2019-01-01 00:15:24.000000 UTC,1,0.3,255
2019-01-01 00:13:03.000000 UTC,2019-01-01 00:25:02.000000 UTC,1,3.81,95
2019-01-01 00:13:07.000000 UTC,2019-01-01 00:35:50.000000 UTC,1,5.27,145
2019-01-01 00:13:15.000000 UTC,2019-01-01 00:30:09.000000 UTC,1,3.5,215
2019-01-01 00:13:16.000000 UTC,2019-01-01 00:19:23.000000 UTC,1,0.89,42
2019-01-01 00:13:18.000000 UTC,2019-01-01 00:17:46.000000 UTC,1,0.74,181
2019-01-01 00:13:21.000000 UTC,2019-01-01 00:44:29.000000 UTC,1,14.68,226
2019-01-01 00:13:22.000000 UTC,2019-01-01 00:27:14.000000 UTC,1,5.36,33
2019-01-01 00:13:29.000000 UTC,2019-01-01 00:17:08.000000 UTC,1,0.53,255
2019-01-01 00:13:36.000000 UTC,2019-01-01 00:21:37.000000 UTC,1,0.48,32
2019-01-01 00:13:39.000000 UTC,2019-01-01 00:26:16.000000 UTC,6,2.52,42
2019-01-01 00:13:39.000000 UTC,2019-01-01 00:18:41.000000 UTC,2,0.79,181
2019-01-01 00:13:44.000000 UTC,2019-01-01 00:57:00.000000 UTC,1,16.22,61
2019-01-01 00:13:47.000000 UTC,2019-01-01 00:37:54.000000 UTC,1,7.42,181
2019-01-01 00:13:48.000000 UTC,2019-01-01 00:21:00.000000 UTC,2,1.15,129
2019-01-01 00:13:54.000000 UTC,2019-01-01 00:20:37.000000 UTC,2,1.17,42
2019-01-01 00:13:56.000000 UTC,2019-01-01 00:20:08.000000 UTC,6,1.07,244
2019-01-01 00:13:56.000000 UTC,2019-01-01 00:33:17.000000 UTC,1,10.47,55
2019-01-01 00:13:57.000000 UTC,2019-01-01 00:20:56.000000 UTC,1,1.46,155
2019-01-01 00:14:00.000000 UTC,2019-01-01 00:47:31.000000 UTC,1,17.5,14
2019-01-01 00:14:01.000000 UTC,2019-01-01 00:33:48.000000 UTC,1,3.2,66
2019-01-01 00:14:02.000000 UTC,2019-01-01 00:23:48.000000 UTC,2,2.3,24
2019-01-01 00:14:03.000000 UTC,2019-01-01 00:27:30.000000 UTC,1,1.69,256
2019-01-01 00:14:03.000000 UTC,2019-01-01 00:46:03.000000 UTC,1,18.36,49
2019-01-01 00:14:05.000000 UTC,2019-01-01 00:42:25.000000 UTC,1,9.55,167
2019-01-01 00:14:05.000000 UTC,2019-01-01 00:16:59.000000 UTC,1,0.6,33
2019-01-01 00:14:07.000000 UTC,2019-01-01 00:26:35.000000 UTC,1,1.7,25
2019-01-01 00:14:07.000000 UTC,2019-01-01 00:23:17.000000 UTC,1,1.95,74
2019-01-01 00:14:19.000000 UTC,2019-01-01 00:23:00.000000 UTC,1,1.33,129
2019-01-01 00:14:22.000000 UTC,2019-01-01 00:22:58.000000 UTC,1,2.12,181
2019-01-01 00:14:22.000000 UTC,2019-01-01 00:14:27.000000 UTC,5,0.02,40
2019-01-01 00:14:34.000000 UTC,2019-01-01 00:25:29.000000 UTC,1,2.46,61
2019-01-01 00:14:36.000000 UTC,2019-01-01 00:25:03.000000 UTC,4,2.16,74
2019-01-01 00:14:39.000000 UTC,2019-01-01 00:29:31.000000 UTC,1,2.91,49
2019-01-01 00:14:46.000000 UTC,2019-01-01 00:31:06.000000 UTC,1,5.07,42
2019-01-01 00:14:47.000000 UTC,2019-01-01 00:31:41.000000 UTC,2,4.44,112
2019-01-01 00:14:49.000000 UTC,2019-01-01 00:22:45.000000 UTC,1,1.23,49
2019-01-01 00:14:55.000000 UTC,2019-01-01 00:30:29.000000 UTC,1,4.76,7
2019-01-01 00:14:56.000000 UTC,2019-01-01 00:36:02.000000 UTC,1,12.47,119
2019-01-01 00:14:57.000000 UTC,2019-01-01 00:49:38.000000 UTC,1,5.92,193
2019-01-01 00:14:59.000000 UTC,2019-01-01 00:43:07.000000 UTC,1,5.35,76
2019-01-01 00:15:05.000000 UTC,2019-01-01 00:29:39.000000 UTC,1,2.44,66
2019-01-01 00:15:10.000000 UTC,2019-01-01 00:21:19.000000 UTC,1,1.15,95
2019-01-01 00:15:15.000000 UTC,2019-01-01 00:19:40.000000 UTC,1,0.62,42
2019-01-01 00:15:16.000000 UTC,2019-01-01 00:19:41.000000 UTC,1,1.24,40
2019-01-01 00:15:17.000000 UTC,2019-01-01 00:30:13.000000 UTC,1,4.8,41
2019-01-01 00:15:17.000000 UTC,2019-01-01 00:26:45.000000 UTC,3,1.62,129
2019-01-01 00:15:18.000000 UTC,2019-01-01 00:21:44.000000 UTC,2,1.31,260
2019-01-01 00:15:18.000000 UTC,2019-01-01 00:37:26.000000 UTC,1,6.92,7
2019-01-01 00:15:19.000000 UTC,2019-01-01 00:42:21.000000 UTC,1,7.57,37
2019-01-01 00:15:21.000000 UTC,2019-01-01 00:35:32.000000 UTC,5,10.26,74
2019-01-01 00:15:23.000000 UTC,2019-01-01 00:22:29.000000 UTC,1,1.05,173
2019-01-01 00:15:23.000000 UTC,2019-01-01 00:26:11.000000 UTC,2,2.8,29
2019-01-01 00:15:23.000000 UTC,2019-01-01 00:37:07.000000 UTC,1,7.76,42
2019-01-01 00:15:25.000000 UTC,2019-01-01 00:19:46.000000 UTC,1,0.66,74
2019-01-01 00:15:27.000000 UTC,2019-01-01 00:21:31.000000 UTC,1,1.16,78
2019-01-01 00:15:29.000000 UTC,2019-01-01 00:37:17.000000 UTC,1,5.7,73
2019-01-01 00:15:29.000000 UTC,2019-01-01 00:15:44.000000 UTC,1,0,42
2019-01-01 00:15:31.000000 UTC,2019-01-01 00:21:19.000000 UTC,1,1.27,82
2019-01-01 00:15:34.000000 UTC,2019-01-01 00:19:01.000000 UTC,1,0.64,97
2019-01-01 00:15:38.000000 UTC,2019-01-01 00:17:32.000000 UTC,1,0.52,181
2019-01-01 00:15:39.000000 UTC,2019-01-01 00:29:34.000000 UTC,1,2.63,41
2019-01-01 00:15:42.000000 UTC,2019-01-01 00:41:04.000000 UTC,1,7.83,97
2019-01-01 00:15:43.000000 UTC,2019-01-01 00:45:20.000000 UTC,1,4.55,256
2019-01-01 00:15:45.000000 UTC,2019-01-01 00:20:32.000000 UTC,1,0.78,7
2019-01-01 00:15:45.000000 UTC,2019-01-01 00:20:25.000000 UTC,4,0.53,78
2019-01-01 00:15:47.000000 UTC,2019-01-01 00:52:52.000000 UTC,1,13.5,42
2019-01-01 00:15:50.000000 UTC,2019-01-01 00:21:57.000000 UTC,1,1.09,41
2019-01-01 00:15:58.000000 UTC,2019-01-01 00:35:53.000000 UTC,1,8.25,181
2019-01-01 00:16:00.000000 UTC,2019-01-01 00:21:17.000000 UTC,1,0.96,41
2019-01-01 00:16:02.000000 UTC,2019-01-01 00:40:30.000000 UTC,1,3.73,37
2019-01-01 00:16:03.000000 UTC,2019-01-01 00:28:04.000000 UTC,1,2.1,41
2019-01-01 00:16:06.000000 UTC,2019-01-01 00:27:59.000000 UTC,2,1,61
2019-01-01 00:16:10.000000 UTC,2019-01-01 00:27:11.000000 UTC,2,6.87,223
2019-01-01 00:16:13.000000 UTC,2019-01-01 00:36:18.000000 UTC,1,3.69,61
2019-01-01 00:16:14.000000 UTC,2019-01-01 00:31:21.000000 UTC,2,3.12,71
2019-01-01 00:16:16.000000 UTC,2019-01-01 00:22:55.000000 UTC,5,1.62,190
2019-01-01 00:16:18.000000 UTC,2019-01-01 00:32:28.000000 UTC,1,2.99,66
2019-01-01 00:16:21.000000 UTC,2019-01-01 00:41:40.000000 UTC,2,14.1,25
2019-01-01 00:16:23.000000 UTC,2019-01-01 00:33:21.000000 UTC,1,3.93,43
2019-01-01 00:16:23.000000 UTC,2019-01-01 00:26:09.000000 UTC,1,1.7,41
2019-01-01 00:16:23.000000 UTC,2019-01-01 00:39:46.000000 UTC,1,7.75,25
2019-01-01 00:16:27.000000 UTC,2019-01-01 00:30:38.000000 UTC,1,4.81,75
2019-01-01 00:16:27.000000 UTC,2019-01-01 00:18:52.000000 UTC,1,0.55,166
2019-01-01 00:16:28.000000 UTC,2019-01-01 00:17:27.000000 UTC,2,0.41,74
2019-01-01 00:16:31.000000 UTC,2019-01-01 00:39:32.000000 UTC,1,2.28,25
2019-01-01 00:16:47.000000 UTC,2019-01-01 00:28:01.000000 UTC,1,5.5,75
2019-01-01 00:16:48.000000 UTC,2019-01-01 00:36:18.000000 UTC,5,3.05,255
2019-01-01 00:16:49.000000 UTC,2019-01-01 00:42:57.000000 UTC,2,4.9,181
2019-01-01 00:16:57.000000 UTC,2019-01-01 00:39:55.000000 UTC,2,6.63,167
2019-01-01 00:17:02.000000 UTC,2019-01-01 00:28:14.000000 UTC,1,1.9,166
2019-01-01 00:17:03.000000 UTC,2019-01-01 00:20:13.000000 UTC,2,0,179
2019-01-01 00:17:04.000000 UTC,2019-01-01 00:22:12.000000 UTC,1,1,255
2019-01-01 00:17:10.000000 UTC,2019-01-01 00:23:34.000000 UTC,1,1.08,42
2019-01-01 00:17:14.000000 UTC,2019-01-01 00:36:29.000000 UTC,1,6.81,37
2019-01-01 00:17:15.000000 UTC,2019-01-01 00:42:12.000000 UTC,1,13.31,75
2019-01-01 00:17:16.000000 UTC,2019-01-01 00:35:30.000000 UTC,1,8.43,95
2019-01-01 00:17:17.000000 UTC,2019-01-01 00:42:28.000000 UTC,1,5.3,97
2019-01-01 00:17:26.000000 UTC,2019-01-01 00:19:59.000000 UTC,5,0.71,75
2019-01-01 00:17:26.000000 UTC,2019-01-01 00:41:51.000000 UTC,3,5.07,65
2019-01-01 00:17:29.000000 UTC,2019-01-01 00:27:17.000000 UTC,2,1.75,82
2019-01-01 00:17:30.000000 UTC,2019-01-01 00:23:19.000000 UTC,1,1.2,167
2019-01-01 00:17:32.000000 UTC,2019-01-01 00:30:58.000000 UTC,1,1.61,76
2019-01-01 00:17:39.000000 UTC,2019-01-01 00:19:12.000000 UTC,1,0.3,255
2019-01-01 00:17:39.000000 UTC,2019-01-01 00:21:31.000000 UTC,1,0.82,41
2019-01-01 00:17:41.000000 UTC,2019-01-01 00:19:40.000000 UTC,1,0.49,75
2019-01-01 00:17:41.000000 UTC,2019-01-01 01:00:11.000000 UTC,1,10.42,33
2019-01-01 00:17:43.000000 UTC,2019-01-01 00:35:23.000000 UTC,1,7.93,129
2019-01-01 00:17:47.000000 UTC,2019-01-01 00:26:20.000000 UTC,2,1.36,159
2019-01-01 00:17:50.000000 UTC,2019-01-01 00:22:22.000000 UTC,1,0.73,42
2019-01-01 00:17:50.000000 UTC,2019-01-01 00:33:28.000000 UTC,1,5.27,75
2019-01-01 00:17:51.000000 UTC,2019-01-01 00:33:28.000000 UTC,1,3.21,255
2019-01-01 00:17:57.000000 UTC,2019-01-01 00:43:41.000000 UTC,1,4.59,181
2019-01-01 00:17:58.000000 UTC,2019-01-01 00:25:09.000000 UTC,1,2.07,41
2019-01-01 00:17:58.000000 UTC,2019-01-01 00:22:38.000000 UTC,1,0.9,223
2019-01-01 00:18:03.000000 UTC,2019-01-01 00:38:05.000000 UTC,5,7.47,181
2019-01-01 00:18:04.000000 UTC,2019-01-01 00:55:10.000000 UTC,1,18.87,76
2019-01-01 00:18:04.000000 UTC,2019-01-01 00:18:49.000000 UTC,1,0.22,25
2019-01-01 00:18:11.000000 UTC,2019-01-01 00:23:33.000000 UTC,1,1.09,42
2019-01-01 00:18:13.000000 UTC,2019-01-01 00:18:18.000000 UTC,1,0.02,75
2019-01-01 00:18:13.000000 UTC,2019-01-01 00:32:22.000000 UTC,4,2.5,145
2019-01-01 00:18:17.000000 UTC,2019-01-01 00:23:25.000000 UTC,1,0.85,7
2019-01-01 00:18:17.000000 UTC,2019-01-01 00:27:08.000000 UTC,1,2.5,255
2019-01-01 00:18:18.000000 UTC,2019-01-01 00:26:27.000000 UTC,1,1.42,41
2019-01-01 00:18:20.000000 UTC,2019-01-01 00:25:40.000000 UTC,5,1.95,7
2019-01-01 00:18:20.000000 UTC,2019-01-01 00:42:20.000000 UTC,5,7.64,122
2019-01-01 00:18:26.000000 UTC,2019-01-01 00:21:18.000000 UTC,1,0.27,145
2019-01-01 00:18:26.000000 UTC,2019-01-01 00:21:18.000000 UTC,1,0.27,145
2019-01-01 00:18:28.000000 UTC,2019-01-01 00:27:38.000000 UTC,1,1.78,42
2019-01-01 00:18:32.000000 UTC,2019-01-01 00:21:37.000000 UTC,1,0.51,75
2019-01-01 00:18:35.000000 UTC,2019-01-01 00:22:18.000000 UTC,1,1.16,95
2019-01-01 00:18:36.000000 UTC,2019-01-01 00:22:37.000000 UTC,1,0.9,33
2019-01-01 00:18:39.000000 UTC,2019-01-01 00:21:48.000000 UTC,1,0.29,74
2019-01-01 00:18:40.000000 UTC,2019-01-01 00:34:44.000000 UTC,1,2.33,66
2019-01-01 00:18:45.000000 UTC,2019-01-01 00:23:16.000000 UTC,1,0.6,41
2019-01-01 00:18:45.000000 UTC,2019-01-01 00:29:12.000000 UTC,2,2.74,75
2019-01-01 00:18:50.000000 UTC,2019-01-01 00:32:29.000000 UTC,1,1.67,82
2019-01-01 00:18:57.000000 UTC,2019-01-01 00:31:52.000000 UTC,1,1.21,181
2019-01-01 00:19:00.000000 UTC,2019-01-01 00:27:03.000000 UTC,1,1.3,41
2019-01-01 00:19:06.000000 UTC,2019-01-01 00:39:43.000000 UTC,1,4.53,82
2019-01-01 00:19:07.000000 UTC,2019-01-01 00:28:49.000000 UTC,1,1.6,116
2019-01-01 00:19:08.000000 UTC,2019-01-01 00:30:20.000000 UTC,1,1.8,74
2019-01-01 00:19:12.000000 UTC,2019-01-01 00:37:55.000000 UTC,1,3.7,255
2019-01-01 00:19:15.000000 UTC,2019-01-01 00:24:13.000000 UTC,1,0.81,166
2019-01-01 00:19:15.000000 UTC,2019-01-01 01:04:15.000000 UTC,1,5.64,256
2019-01-01 00:19:16.000000 UTC,2019-01-01 00:29:27.000000 UTC,1,2.58,41
2019-01-01 00:19:17.000000 UTC,2019-01-01 00:32:48.000000 UTC,1,2.87,82
2019-01-01 00:19:18.000000 UTC,2019-01-01 00:26:17.000000 UTC,1,1.1,41
2019-01-01 00:19:19.000000 UTC,2019-01-01 00:28:14.000000 UTC,1,1.32,25
2019-01-01 00:19:20.000000 UTC,2019-01-01 00:23:07.000000 UTC,1,0.61,225
2019-01-01 00:19:21.000000 UTC,2019-01-01 00:24:16.000000 UTC,1,0.73,97
2019-01-01 00:19:22.000000 UTC,2019-01-01 00:31:33.000000 UTC,2,1.4,66
2019-01-01 00:19:22.000000 UTC,2019-01-01 00:40:00.000000 UTC,1,4.14,177
2019-01-01 00:19:24.000000 UTC,2019-01-01 00:25:05.000000 UTC,1,0.82,61
2019-01-01 00:19:28.000000 UTC,2019-01-01 00:40:39.000000 UTC,1,7.66,181
2019-01-01 00:19:32.000000 UTC,2019-01-01 00:28:44.000000 UTC,3,0,49
2019-01-01 00:19:33.000000 UTC,2019-01-01 00:51:18.000000 UTC,1,7.6,74
2019-01-01 00:19:34.000000 UTC,2019-01-01 00:36:47.000000 UTC,1,3.24,256
2019-01-01 00:19:41.000000 UTC,2019-01-01 00:25:50.000000 UTC,2,1.06,112
2019-01-01 00:19:41.000000 UTC,2019-01-01 00:45:45.000000 UTC,1,8.48,25
2019-01-01 00:19:49.000000 UTC,2019-01-01 00:45:31.000000 UTC,1,14.88,112
2019-01-01 00:19:49.000000 UTC,2019-01-01 00:49:29.000000 UTC,1,6.83,24
2019-01-01 00:19:49.000000 UTC,2019-01-01 00:32:26.000000 UTC,1,2.4,25
2019-01-01 00:19:51.000000 UTC,2019-01-01 00:23:59.000000 UTC,1,0.79,42
2019-01-01 00:19:53.000000 UTC,2019-01-01 00:39:17.000000 UTC,1,5.99,33
2019-01-01 00:19:59.000000 UTC,2019-01-01 00:29:52.000000 UTC,5,4.04,33
2019-01-01 00:19:59.000000 UTC,2019-01-01 00:45:50.000000 UTC,1,0.49,71
2019-01-01 00:20:02.000000 UTC,2019-01-01 00:37:01.000000 UTC,1,7.48,215
2019-01-01 00:20:14.000000 UTC,2019-01-01 00:53:04.000000 UTC,2,5.1,181
2019-01-01 00:20:25.000000 UTC,2019-01-01 00:44:42.000000 UTC,2,7.11,42
2019-01-01 00:20:28.000000 UTC,2019-01-01 00:32:21.000000 UTC,1,2.47,260
2019-01-01 00:20:29.000000 UTC,2019-01-01 00:32:32.000000 UTC,1,2.14,129
2019-01-01 00:20:34.000000 UTC,2019-01-01 00:43:54.000000 UTC,1,3.97,40
2019-01-01 00:20:43.000000 UTC,2019-01-01 00:43:46.000000 UTC,1,5.42,255
2019-01-01 00:20:45.000000 UTC,2019-01-01 00:31:20.000000 UTC,1,1.9,41
2019-01-01 00:20:47.000000 UTC,2019-01-02 00:07:02.000000 UTC,1,2.6,260
2019-01-01 00:20:50.000000 UTC,2019-01-01 00:25:02.000000 UTC,1,1.7,75
2019-01-01 00:20:51.000000 UTC,2019-01-01 00:29:36.000000 UTC,1,0.93,41
2019-01-01 00:20:51.000000 UTC,2019-01-01 00:43:37.000000 UTC,1,5.96,74
2019-01-01 00:20:52.000000 UTC,2019-01-01 00:27:15.000000 UTC,2,1.3,129
2019-01-01 00:20:55.000000 UTC,2019-01-01 00:27:04.000000 UTC,1,0.92,74
2019-01-01 00:21:05.000000 UTC,2019-01-01 00:55:18.000000 UTC,1,10.24,25
2019-01-01 00:21:09.000000 UTC,2019-01-01 00:34:06.000000 UTC,1,3.11,116
2019-01-01 00:21:10.000000 UTC,2019-01-01 00:49:37.000000 UTC,2,13.5,76
2019-01-01 00:21:11.000000 UTC,2019-01-01 00:26:29.000000 UTC,1,0.81,41
2019-01-01 00:21:11.000000 UTC,2019-01-01 00:36:06.000000 UTC,5,4.94,40
2019-01-01 00:21:17.000000 UTC,2019-01-01 00:40:22.000000 UTC,1,10.55,181
2019-01-01 00:21:19.000000 UTC,2019-01-01 00:35:06.000000 UTC,2,2.43,42
2019-01-01 00:21:25.000000 UTC,2019-01-01 00:39:30.000000 UTC,1,3.85,181
2019-01-01 00:21:28.000000 UTC,2019-01-01 00:48:15.000000 UTC,1,4.49,7
2019-01-01 00:21:30.000000 UTC,2019-01-01 00:31:00.000000 UTC,1,2.5,97
2019-01-01 00:21:31.000000 UTC,2019-01-01 00:29:49.000000 UTC,1,1.38,82
2019-01-01 00:21:35.000000 UTC,2019-01-01 00:33:23.000000 UTC,1,2.15,244
2019-01-01 00:21:35.000000 UTC,2019-01-01 00:43:55.000000 UTC,1,4.63,181
2019-01-01 00:21:38.000000 UTC,2019-01-01 00:21:41.000000 UTC,2,0.03,25
2019-01-01 00:21:47.000000 UTC,2019-01-01 00:21:52.000000 UTC,1,0.01,42
2019-01-01 00:21:51.000000 UTC,2019-01-01 00:36:28.000000 UTC,1,1.69,7
2019-01-01 00:21:53.000000 UTC,2019-01-01 00:31:28.000000 UTC,6,2.16,41
2019-01-01 00:21:54.000000 UTC,2019-01-01 00:33:07.000000 UTC,1,4.06,75
2019-01-01 00:21:58.000000 UTC,2019-01-01 00:27:36.000000 UTC,2,1.06,129
2019-01-01 00:21:59.000000 UTC,2019-01-01 00:30:17.000000 UTC,2,2.2,75
2019-01-01 00:22:00.000000 UTC,2019-01-01 00:27:45.000000 UTC,1,0.51,25
2019-01-01 00:22:01.000000 UTC,2019-01-01 00:24:36.000000 UTC,1,0.61,7
2019-01-01 00:22:02.000000 UTC,2019-01-01 00:41:34.000000 UTC,2,7.8,255
2019-01-01 00:22:03.000000 UTC,2019-01-01 00:23:35.000000 UTC,1,0.38,24
2019-01-01 00:22:08.000000 UTC,2019-01-01 00:34:02.000000 UTC,1,2,33
2019-01-01 00:22:12.000000 UTC,2019-01-01 00:25:29.000000 UTC,1,0.5,80
2019-01-01 00:22:14.000000 UTC,2019-01-01 00:39:25.000000 UTC,1,5.28,254
2019-01-01 00:22:14.000000 UTC,2019-01-01 00:37:07.000000 UTC,5,2.14,129
2019-01-01 00:22:15.000000 UTC,2019-01-01 00:36:08.000000 UTC,1,2.04,91
2019-01-01 00:22:17.000000 UTC,2019-01-01 00:34:28.000000 UTC,1,2.26,42
2019-01-01 00:22:22.000000 UTC,2019-01-01 00:25:53.000000 UTC,1,0.45,129
2019-01-01 00:22:27.000000 UTC,2019-01-01 00:28:37.000000 UTC,1,1.1,74
2019-01-01 00:22:30.000000 UTC,2019-01-01 00:30:44.000000 UTC,1,0.97,42
2019-01-01 00:22:30.000000 UTC,2019-01-01 00:25:41.000000 UTC,1,0.45,116
2019-01-01 00:22:30.000000 UTC,2019-01-01 00:37:53.000000 UTC,1,6.07,190
2019-01-01 00:22:35.000000 UTC,2019-01-01 00:41:07.000000 UTC,1,3.76,25
2019-01-01 00:22:41.000000 UTC,2019-01-01 00:41:42.000000 UTC,1,4.18,75
2019-01-01 00:22:43.000000 UTC,2019-01-01 00:33:27.000000 UTC,1,3.2,75
2019-01-01 00:22:43.000000 UTC,2019-01-01 00:46:09.000000 UTC,2,4.81,181
2019-01-01 00:22:43.000000 UTC,2019-01-01 00:54:37.000000 UTC,1,7.28,264
2019-01-01 00:22:44.000000 UTC,2019-01-01 00:26:13.000000 UTC,1,0.75,168
2019-01-01 00:22:47.000000 UTC,2019-01-01 00:35:29.000000 UTC,1,3.45,145
2019-01-01 00:22:48.000000 UTC,2019-01-01 00:47:15.000000 UTC,1,5.01,255
2019-01-01 00:22:49.000000 UTC,2019-01-01 00:36:53.000000 UTC,1,2.76,41
2019-01-01 00:23:06.000000 UTC,2019-01-01 00:45:06.000000 UTC,1,2.5,25
2019-01-01 00:23:06.000000 UTC,2019-01-01 00:34:44.000000 UTC,1,2.19,42
2019-01-01 00:23:10.000000 UTC,2019-01-01 00:39:03.000000 UTC,1,4.65,112
2019-01-01 00:23:13.000000 UTC,2019-01-01 00:51:04.000000 UTC,1,9.54,215
2019-01-01 00:23:15.000000 UTC,2019-01-01 00:30:31.000000 UTC,1,1.21,260
2019-01-01 00:23:15.000000 UTC,2019-01-01 01:10:07.000000 UTC,1,10.76,95
2019-01-01 00:23:19.000000 UTC,2019-01-01 00:41:29.000000 UTC,1,2.7,80
2019-01-01 00:23:27.000000 UTC,2019-01-01 00:43:06.000000 UTC,1,3.83,255
2019-01-01 00:23:28.000000 UTC,2019-01-01 00:28:36.000000 UTC,1,0.95,95
2019-01-01 00:23:34.000000 UTC,2019-01-01 00:39:31.000000 UTC,1,2.65,94
2019-01-01 00:23:46.000000 UTC,2019-01-01 00:41:03.000000 UTC,1,3.36,247
2019-01-01 00:23:47.000000 UTC,2019-01-01 00:26:08.000000 UTC,1,0.5,255
2019-01-01 00:23:48.000000 UTC,2019-01-01 00:35:11.000000 UTC,1,3.1,7
2019-01-01 00:23:55.000000 UTC,2019-01-01 00:41:23.000000 UTC,1,4.25,181
2019-01-01 00:24:05.000000 UTC,2019-01-01 00:29:32.000000 UTC,1,1.3,223
2019-01-01 00:24:09.000000 UTC,2019-01-01 00:50:43.000000 UTC,1,6.49,7
2019-01-01 00:24:10.000000 UTC,2019-01-01 00:37:34.000000 UTC,1,2.8,256
2019-01-01 00:24:11.000000 UTC,2019-01-01 00:41:20.000000 UTC,1,6.1,256
2019-01-01 00:24:11.000000 UTC,2019-01-01 00:35:22.000000 UTC,1,1.4,260
2019-01-01 00:24:11.000000 UTC,2019-01-01 00:46:12.000000 UTC,1,4.18,41
2019-01-01 00:24:16.000000 UTC,2019-01-01 00:33:21.000000 UTC,1,1.34,181
2019-01-01 00:24:18.000000 UTC,2019-01-01 00:47:44.000000 UTC,1,4.43,181
2019-01-01 00:24:21.000000 UTC,2019-01-01 00:28:27.000000 UTC,1,0.65,36
2019-01-01 00:24:22.000000 UTC,2019-01-01 00:41:30.000000 UTC,1,3.25,37
2019-01-01 00:24:22.000000 UTC,2019-01-01 00:36:46.000000 UTC,1,1.46,181
2019-01-01 00:24:23.000000 UTC,2019-01-01 00:34:04.000000 UTC,1,1.59,116
2019-01-01 00:24:27.000000 UTC,2019-01-01 00:32:13.000000 UTC,1,1.24,166
2019-01-01 00:24:29.000000 UTC,2019-01-01 00:45:42.000000 UTC,2,7.03,112
2019-01-01 00:24:29.000000 UTC,2019-01-01 00:35:18.000000 UTC,1,3.26,95
2019-01-01 00:24:31.000000 UTC,2019-01-01 00:44:23.000000 UTC,5,5.1,146
2019-01-01 00:24:33.000000 UTC,2019-01-01 00:51:50.000000 UTC,1,14.6,259
2019-01-01 00:24:38.000000 UTC,2019-01-01 00:54:01.000000 UTC,1,11.13,193
2019-01-01 00:24:39.000000 UTC,2019-01-01 00:43:17.000000 UTC,1,2.74,181
2019-01-01 00:24:39.000000 UTC,2019-01-01 00:28:54.000000 UTC,1,0.6,41
2019-01-01 00:24:42.000000 UTC,2019-01-01 00:28:15.000000 UTC,1,0.8,129
2019-01-01 00:24:44.000000 UTC,2019-01-01 00:42:18.000000 UTC,1,6.01,74
2019-01-01 00:24:44.000000 UTC,2019-01-01 00:28:04.000000 UTC,3,0.47,42
2019-01-01 00:24:47.000000 UTC,2019-01-01 01:05:10.000000 UTC,1,10.89,89
2019-01-01 00:24:47.000000 UTC,2019-01-01 00:34:05.000000 UTC,1,2.8,41
2019-01-01 00:24:54.000000 UTC,2019-01-01 00:27:14.000000 UTC,1,0.24,66
2019-01-01 00:24:56.000000 UTC,2019-01-01 00:41:35.000000 UTC,3,2.96,223
2019-01-01 00:24:57.000000 UTC,2019-01-01 00:28:07.000000 UTC,1,0.6,82
2019-01-01 00:24:57.000000 UTC,2019-01-01 00:31:56.000000 UTC,1,1.21,80
2019-01-01 00:25:00.000000 UTC,2019-01-01 00:34:56.000000 UTC,1,1.16,181
2019-01-01 00:25:01.000000 UTC,2019-01-01 00:30:36.000000 UTC,1,0.9,80
2019-01-01 00:25:01.000000 UTC,2019-01-01 00:43:55.000000 UTC,2,8.74,42
2019-01-01 00:25:06.000000 UTC,2019-01-01 00:45:27.000000 UTC,1,2.69,25
2019-01-01 00:25:13.000000 UTC,2019-01-01 00:38:29.000000 UTC,1,4.03,3
2019-01-01 00:25:23.000000 UTC,2019-01-01 00:31:04.000000 UTC,1,1.17,166
2019-01-01 00:25:27.000000 UTC,2019-01-01 00:36:24.000000 UTC,1,2.55,134
2019-01-01 00:25:30.000000 UTC,2019-01-01 00:31:01.000000 UTC,1,0.94,41
2019-01-01 00:25:30.000000 UTC,2019-01-01 00:33:57.000000 UTC,1,1.92,82
2019-01-01 00:25:35.000000 UTC,2019-01-01 00:51:46.000000 UTC,1,4.78,189
2019-01-01 00:25:37.000000 UTC,2019-01-01 00:50:58.000000 UTC,1,5.78,25
2019-01-01 00:25:41.000000 UTC,2019-01-01 00:31:57.000000 UTC,1,1.83,82
2019-01-01 00:25:47.000000 UTC,2019-01-01 00:50:13.000000 UTC,5,10.93,55
2019-01-01 00:25:48.000000 UTC,2019-01-01 00:45:29.000000 UTC,1,5.79,74
2019-01-01 00:25:48.000000 UTC,2019-01-01 00:25:58.000000 UTC,5,0,47
2019-01-01 00:25:49.000000 UTC,2019-01-01 00:32:50.000000 UTC,1,0.96,129
2019-01-01 00:25:52.000000 UTC,2019-01-01 01:28:10.000000 UTC,1,24.17,85
2019-01-01 00:25:54.000000 UTC,2019-01-01 01:04:50.000000 UTC,5,13.74,216
2019-01-01 00:26:00.000000 UTC,2019-01-01 00:35:53.000000 UTC,1,2.1,41
2019-01-01 00:26:00.000000 UTC,2019-01-01 00:29:27.000000 UTC,5,0.41,212
2019-01-01 00:26:04.000000 UTC,2019-01-01 00:42:16.000000 UTC,1,7.1,42
2019-01-01 00:26:09.000000 UTC,2019-01-01 00:36:48.000000 UTC,1,2.69,256
2019-01-01 00:26:11.000000 UTC,2019-01-01 00:31:11.000000 UTC,1,0.92,75
2019-01-01 00:26:13.000000 UTC,2019-01-01 00:30:41.000000 UTC,1,1.05,7
2019-01-01 00:26:14.000000 UTC,2019-01-01 00:46:25.000000 UTC,1,8,112
2019-01-01 00:26:21.000000 UTC,2019-01-01 00:32:47.000000 UTC,1,1.32,166
2019-01-01 00:26:22.000000 UTC,2019-01-01 00:47:33.000000 UTC,2,5.33,112
2019-01-01 00:26:25.000000 UTC,2019-01-01 00:31:03.000000 UTC,1,0.76,129
2019-01-01 00:26:27.000000 UTC,2019-01-01 00:49:10.000000 UTC,1,7.82,116
2019-01-01 00:26:31.000000 UTC,2019-01-01 00:40:02.000000 UTC,2,2.87,7
2019-01-01 00:26:34.000000 UTC,2019-01-01 00:37:43.000000 UTC,1,1.59,11
2019-01-01 00:26:39.000000 UTC,2019-01-01 00:47:48.000000 UTC,1,10.85,181
2019-01-01 00:26:40.000000 UTC,2019-01-01 00:48:00.000000 UTC,2,4.68,227
2019-01-01 00:26:41.000000 UTC,2019-01-01 00:27:45.000000 UTC,1,0.2,7
2019-01-01 00:26:53.000000 UTC,2019-01-01 00:33:40.000000 UTC,2,1.16,74
2019-01-01 00:26:59.000000 UTC,2019-01-01 01:01:33.000000 UTC,5,6.66,66
2019-01-01 00:27:02.000000 UTC,2019-01-01 00:43:08.000000 UTC,1,2.94,244
2019-01-01 00:27:03.000000 UTC,2019-01-01 00:32:55.000000 UTC,1,0.57,82
2019-01-01 00:27:03.000000 UTC,2019-01-01 00:43:53.000000 UTC,2,6.71,25
2019-01-01 00:27:06.000000 UTC,2019-01-01 00:50:41.000000 UTC,1,8.39,255
2019-01-01 00:27:11.000000 UTC,2019-01-01 00:31:38.000000 UTC,2,0.66,49
2019-01-01 00:27:13.000000 UTC,2019-01-01 00:46:14.000000 UTC,1,4,66
2019-01-01 00:27:16.000000 UTC,2019-01-01 00:36:18.000000 UTC,1,1.82,41
2019-01-01 00:27:18.000000 UTC,2019-01-01 00:27:22.000000 UTC,2,0,181
2019-01-01 00:27:27.000000 UTC,2019-01-01 00:33:37.000000 UTC,1,1.32,25
2019-01-01 00:27:27.000000 UTC,2019-01-01 00:47:42.000000 UTC,1,7.19,112
2019-01-01 00:27:27.000000 UTC,2019-01-01 00:45:17.000000 UTC,1,4.13,25
2019-01-01 00:27:29.000000 UTC,2019-01-01 00:44:17.000000 UTC,1,1.94,136
2019-01-01 00:27:29.000000 UTC,2019-01-01 00:41:03.000000 UTC,1,2.65,177
2019-01-01 00:27:31.000000 UTC,2019-01-01 00:35:54.000000 UTC,1,0.93,47
2019-01-01 00:27:34.000000 UTC,2019-01-01 00:43:32.000000 UTC,1,3.65,97
2019-01-01 00:27:35.000000 UTC,2019-01-01 00:34:14.000000 UTC,1,1.58,260
2019-01-01 00:27:36.000000 UTC,2019-01-01 00:37:13.000000 UTC,1,1.84,41
2019-01-01 00:27:48.000000 UTC,2019-01-01 00:40:56.000000 UTC,5,6.46,112
2019-01-01 00:27:50.000000 UTC,2019-01-01 00:37:24.000000 UTC,1,2.02,7
2019-01-01 00:27:51.000000 UTC,2019-01-01 00:37:17.000000 UTC,1,1.49,41
2019-01-01 00:27:51.000000 UTC,2019-01-01 00:46:41.000000 UTC,1,4.38,255
2019-01-01 00:27:52.000000 UTC,2019-01-01 00:51:30.000000 UTC,1,6.7,181
2019-01-01 00:27:54.000000 UTC,2019-01-01 00:34:49.000000 UTC,1,0.87,255
2019-01-01 00:27:55.000000 UTC,2019-01-01 00:41:53.000000 UTC,1,2.76,225
2019-01-01 00:27:59.000000 UTC,2019-01-01 00:41:18.000000 UTC,5,4.95,216
2019-01-01 00:28:01.000000 UTC,2019-01-01 00:54:48.000000 UTC,1,4.33,181
2019-01-01 00:28:03.000000 UTC,2019-01-01 00:36:24.000000 UTC,1,1.44,74
2019-01-01 00:28:03.000000 UTC,2019-01-01 00:50:13.000000 UTC,1,6.35,215
2019-01-01 00:28:13.000000 UTC,2019-01-01 00:43:09.000000 UTC,1,3.22,89
2019-01-01 00:28:14.000000 UTC,2019-01-01 00:44:48.000000 UTC,1,3.76,41
2019-01-01 00:28:21.000000 UTC,2019-01-01 00:41:24.000000 UTC,1,2.3,97
2019-01-01 00:28:26.000000 UTC,2019-01-01 00:43:13.000000 UTC,1,2.6,235
2019-01-01 00:28:26.000000 UTC,2019-01-01 00:45:03.000000 UTC,1,2.14,25
2019-01-01 00:28:28.000000 UTC,2019-01-01 00:44:22.000000 UTC,1,3.68,130
2019-01-01 00:28:31.000000 UTC,2019-01-01 00:30:24.000000 UTC,1,0.39,33
2019-01-01 00:28:31.000000 UTC,2019-01-01 00:49:48.000000 UTC,1,6.91,41
2019-01-01 00:28:36.000000 UTC,2019-01-01 00:39:50.000000 UTC,1,2.04,97
2019-01-01 00:28:42.000000 UTC,2019-01-01 00:42:18.000000 UTC,1,2.78,130
2019-01-01 00:28:43.000000 UTC,2019-01-01 00:31:56.000000 UTC,1,1.03,244
2019-01-01 00:28:46.000000 UTC,2019-01-01 00:36:39.000000 UTC,1,1.53,61
2019-01-01 00:28:53.000000 UTC,2019-01-01 00:56:49.000000 UTC,5,13.49,25
2019-01-01 00:29:03.000000 UTC,2019-01-01 00:44:23.000000 UTC,1,4.9,42
2019-01-01 00:29:04.000000 UTC,2019-01-01 01:00:12.000000 UTC,1,12.61,49
2019-01-01 00:29:06.000000 UTC,2019-01-01 00:53:34.000000 UTC,1,4.51,80
2019-01-01 00:29:10.000000 UTC,2019-01-01 00:41:24.000000 UTC,1,2.34,7
2019-01-01 00:29:11.000000 UTC,2019-01-01 00:31:20.000000 UTC,1,0.44,179
2019-01-01 00:29:11.000000 UTC,2019-01-01 00:31:20.000000 UTC,1,0.44,179
2019-01-01 00:29:15.000000 UTC,2019-01-01 01:00:07.000000 UTC,1,10.9,112
2019-01-01 00:29:17.000000 UTC,2019-01-01 00:50:27.000000 UTC,1,7.25,181
2019-01-01 00:29:21.000000 UTC,2019-01-01 00:33:56.000000 UTC,5,0.73,215
2019-01-01 00:29:22.000000 UTC,2019-01-01 00:38:50.000000 UTC,1,2.1,82
2019-01-01 00:29:22.000000 UTC,2019-01-01 00:59:16.000000 UTC,1,6.66,181
2019-01-01 00:29:23.000000 UTC,2019-01-01 00:46:46.000000 UTC,1,3.6,255
2019-01-01 00:29:24.000000 UTC,2019-01-01 00:40:00.000000 UTC,1,1.82,260
2019-01-01 00:29:27.000000 UTC,2019-01-01 00:42:33.000000 UTC,2,3,66
2019-01-01 00:29:28.000000 UTC,2019-01-01 00:39:32.000000 UTC,4,1.75,129
2019-01-01 00:29:33.000000 UTC,2019-01-01 00:37:17.000000 UTC,1,1.67,75
2019-01-01 00:29:34.000000 UTC,2019-01-01 01:01:40.000000 UTC,1,7.45,256
2019-01-01 00:29:40.000000 UTC,2019-01-01 00:47:20.000000 UTC,1,8.67,255
2019-01-01 00:29:46.000000 UTC,2019-01-01 00:41:09.000000 UTC,6,1.52,181
2019-01-01 00:29:47.000000 UTC,2019-01-01 00:41:46.000000 UTC,5,1.71,41
2019-01-01 00:29:47.000000 UTC,2019-01-01 00:52:57.000000 UTC,1,7.2,41
2019-01-01 00:29:48.000000 UTC,2019-01-01 00:37:45.000000 UTC,5,1.14,112
2019-01-01 00:29:48.000000 UTC,2019-01-01 01:30:56.000000 UTC,3,25.03,74
2019-01-01 00:29:48.000000 UTC,2019-01-01 00:35:12.000000 UTC,1,1.16,97
2019-01-01 00:29:50.000000 UTC,2019-01-01 00:39:55.000000 UTC,1,2.3,42
2019-01-01 00:29:53.000000 UTC,2019-01-01 01:04:57.000000 UTC,1,5.81,7
2019-01-01 00:29:54.000000 UTC,2019-01-01 00:47:02.000000 UTC,1,3.8,255
2019-01-01 00:29:56.000000 UTC,2019-01-01 00:42:33.000000 UTC,1,4.58,183
2019-01-01 00:29:56.000000 UTC,2019-01-01 00:45:24.000000 UTC,1,6.37,213
2019-01-01 00:29:57.000000 UTC,2019-01-01 00:38:46.000000 UTC,1,1.96,129
2019-01-01 00:29:59.000000 UTC,2019-01-01 00:37:45.000000 UTC,2,1.18,7
2019-01-01 00:30:10.000000 UTC,2019-01-01 00:49:39.000000 UTC,1,3.26,242
2019-01-01 00:30:11.000000 UTC,2019-01-01 00:52:54.000000 UTC,3,10.89,70
2019-01-01 00:30:14.000000 UTC,2019-01-01 00:36:51.000000 UTC,2,1.6,95
2019-01-01 00:30:18.000000 UTC,2019-01-01 00:39:08.000000 UTC,3,1.64,116
2019-01-01 00:30:19.000000 UTC,2019-01-01 00:36:19.000000 UTC,3,0.7,25
2019-01-01 00:30:19.000000 UTC,2019-01-01 00:43:16.000000 UTC,1,2.54,260
2019-01-01 00:30:20.000000 UTC,2019-01-01 00:54:19.000000 UTC,1,5.01,255
2019-01-01 00:30:23.000000 UTC,2019-01-01 00:50:34.000000 UTC,1,2.93,41
2019-01-01 00:30:25.000000 UTC,2019-01-01 00:32:11.000000 UTC,3,0.54,42
2019-01-01 00:30:28.000000 UTC,2019-01-01 00:39:00.000000 UTC,1,2.16,106
2019-01-01 00:30:28.000000 UTC,2019-01-01 00:59:01.000000 UTC,1,3.6,25
2019-01-01 00:30:28.000000 UTC,2019-01-01 00:41:18.000000 UTC,5,2.18,256
2019-01-01 00:30:29.000000 UTC,2019-01-01 00:36:32.000000 UTC,1,0.86,41
2019-01-01 00:30:32.000000 UTC,2019-01-01 00:56:42.000000 UTC,1,6.89,181
2019-01-01 00:30:33.000000 UTC,2019-01-01 00:37:06.000000 UTC,1,0.89,255
2019-01-01 00:30:35.000000 UTC,2019-01-01 00:39:47.000000 UTC,1,2.71,145
2019-01-01 00:30:36.000000 UTC,2019-01-01 00:57:44.000000 UTC,1,4.05,61
2019-01-01 00:30:38.000000 UTC,2019-01-01 00:36:41.000000 UTC,1,0.87,129
2019-01-01 00:30:40.000000 UTC,2019-01-01 00:46:47.000000 UTC,5,6.87,255
2019-01-01 00:30:41.000000 UTC,2019-01-01 00:42:08.000000 UTC,1,2.14,122
2019-01-01 00:30:48.000000 UTC,2019-01-01 00:36:05.000000 UTC,2,1.1,74
2019-01-01 00:30:48.000000 UTC,2019-01-01 00:39:40.000000 UTC,1,3.55,7
2019-01-01 00:30:48.000000 UTC,2019-01-01 00:54:03.000000 UTC,2,5,26
2019-01-01 00:30:50.000000 UTC,2019-01-01 00:39:18.000000 UTC,2,2.18,223
2019-01-01 00:30:55.000000 UTC,2019-01-01 00:35:37.000000 UTC,1,0.8,260
2019-01-01 00:30:57.000000 UTC,2019-01-01 00:36:09.000000 UTC,1,0.46,129
2019-01-01 00:30:58.000000 UTC,2019-01-01 00:35:18.000000 UTC,1,0.95,83
2019-01-01 00:30:59.000000 UTC,2019-01-01 00:38:53.000000 UTC,5,1.67,7
2019-01-01 00:31:00.000000 UTC,2019-01-01 00:35:13.000000 UTC,1,0.8,41
2019-01-01 00:31:01.000000 UTC,2019-01-01 00:40:23.000000 UTC,1,1.23,62
2019-01-01 00:31:02.000000 UTC,2019-01-01 00:45:35.000000 UTC,1,5.28,33
2019-01-01 00:31:03.000000 UTC,2019-01-01 00:31:06.000000 UTC,1,0,181
2019-01-01 00:31:03.000000 UTC,2019-01-01 00:47:43.000000 UTC,1,4.1,41
2019-01-01 00:31:04.000000 UTC,2019-01-01 00:50:45.000000 UTC,1,4.06,181
2019-01-01 00:31:07.000000 UTC,2019-01-01 00:54:17.000000 UTC,1,5.73,129
2019-01-01 00:31:12.000000 UTC,2019-01-01 00:53:47.000000 UTC,1,10.39,41
2019-01-01 00:31:16.000000 UTC,2019-01-01 00:47:53.000000 UTC,2,4.57,42
2019-01-01 00:31:19.000000 UTC,2019-01-01 00:46:50.000000 UTC,2,2.6,17
2019-01-01 00:31:19.000000 UTC,2019-01-01 00:37:09.000000 UTC,1,1.1,41
2019-01-01 00:31:27.000000 UTC,2019-01-01 00:56:07.000000 UTC,1,11.73,33
2019-01-01 00:31:28.000000 UTC,2019-01-01 00:57:27.000000 UTC,3,10.98,255
2019-01-01 00:31:30.000000 UTC,2019-01-01 00:40:42.000000 UTC,1,0.54,85
2019-01-01 00:31:31.000000 UTC,2019-01-01 00:35:06.000000 UTC,1,0.46,24
2019-01-01 00:31:31.000000 UTC,2019-01-01 00:43:51.000000 UTC,1,1.2,97
2019-01-01 00:31:31.000000 UTC,2019-01-01 01:05:49.000000 UTC,1,11.62,41
2019-01-01 00:31:32.000000 UTC,2019-01-01 00:38:01.000000 UTC,1,1.18,181
2019-01-01 00:31:33.000000 UTC,2019-01-01 00:37:37.000000 UTC,2,1.2,61
2019-01-01 00:31:37.000000 UTC,2019-01-01 00:36:13.000000 UTC,1,1,260
2019-01-01 00:31:42.000000 UTC,2019-01-01 00:34:53.000000 UTC,1,0.69,260
2019-01-01 00:31:43.000000 UTC,2019-01-01 00:40:35.000000 UTC,1,1.58,166
2019-01-01 00:31:46.000000 UTC,2019-01-01 00:46:41.000000 UTC,1,4.24,7
2019-01-01 00:31:51.000000 UTC,2019-01-01 00:54:34.000000 UTC,1,6.39,97
2019-01-01 00:31:55.000000 UTC,2019-01-01 00:52:59.000000 UTC,1,5.5,256
2019-01-01 00:31:55.000000 UTC,2019-01-01 00:57:49.000000 UTC,1,9.71,181
2019-01-01 00:31:58.000000 UTC,2019-01-01 00:36:44.000000 UTC,1,0.42,41
2019-01-01 00:32:00.000000 UTC,2019-01-01 00:41:57.000000 UTC,1,2.21,255
2019-01-01 00:32:05.000000 UTC,2019-01-01 00:46:50.000000 UTC,1,2.61,63
2019-01-01 00:32:09.000000 UTC,2019-01-01 00:32:51.000000 UTC,1,0.07,74
2019-01-01 00:32:12.000000 UTC,2019-01-01 00:43:02.000000 UTC,1,2.34,95
2019-01-01 00:32:14.000000 UTC,2019-01-01 00:37:47.000000 UTC,1,0.86,145
2019-01-01 00:32:17.000000 UTC,2019-01-01 00:44:17.000000 UTC,1,2.2,83
2019-01-01 00:32:22.000000 UTC,2019-01-01 00:48:09.000000 UTC,1,3.16,71
2019-01-01 00:32:23.000000 UTC,2019-01-01 01:27:20.000000 UTC,1,10.17,97
2019-01-01 00:32:25.000000 UTC,2019-01-01 00:37:46.000000 UTC,1,0.92,129
2019-01-01 00:32:32.000000 UTC,2019-01-01 00:41:20.000000 UTC,1,1.74,41
2019-01-01 00:32:43.000000 UTC,2019-01-01 00:39:35.000000 UTC,2,1.1,116
2019-01-01 00:32:47.000000 UTC,2019-01-01 00:52:34.000000 UTC,1,3.5,129
2019-01-01 00:32:48.000000 UTC,2019-01-01 00:50:02.000000 UTC,1,2.61,42
2019-01-01 00:32:50.000000 UTC,2019-01-01 00:32:55.000000 UTC,2,0.01,42
2019-01-01 00:32:51.000000 UTC,2019-01-01 00:36:27.000000 UTC,1,0.7,255
2019-01-01 00:32:51.000000 UTC,2019-01-01 01:00:58.000000 UTC,1,5.9,76
2019-01-01 00:32:57.000000 UTC,2019-01-01 01:05:28.000000 UTC,1,12.3,55
2019-01-01 00:32:59.000000 UTC,2019-01-01 00:36:58.000000 UTC,1,0.96,41
2019-01-01 00:33:00.000000 UTC,2019-01-01 00:46:32.000000 UTC,5,2.11,189
2019-01-01 00:33:01.000000 UTC,2019-01-01 00:45:14.000000 UTC,1,2.24,41
2019-01-01 00:33:13.000000 UTC,2019-01-01 00:43:35.000000 UTC,1,2.83,92
2019-01-01 00:33:18.000000 UTC,2019-01-01 00:38:27.000000 UTC,1,1.16,255
2019-01-01 00:33:19.000000 UTC,2019-01-01 00:51:40.000000 UTC,1,4.5,82
2019-01-01 00:33:20.000000 UTC,2019-01-01 00:37:32.000000 UTC,1,0.89,25
2019-01-01 00:33:29.000000 UTC,2019-01-01 00:57:40.000000 UTC,5,4.12,41
2019-01-01 00:33:32.000000 UTC,2019-01-01 00:40:36.000000 UTC,1,2.61,42
2019-01-01 00:33:36.000000 UTC,2019-01-01 01:11:07.000000 UTC,1,7.61,256
2019-01-01 00:33:38.000000 UTC,2019-01-01 00:36:16.000000 UTC,1,0.5,255
2019-01-01 00:33:40.000000 UTC,2019-01-01 00:59:29.000000 UTC,1,5.52,119
2019-01-01 00:33:41.000000 UTC,2019-01-01 00:54:35.000000 UTC,1,4.58,75
2019-01-01 00:33:47.000000 UTC,2019-01-01 00:46:45.000000 UTC,1,4.45,28
2019-01-01 00:33:51.000000 UTC,2019-01-01 00:40:10.000000 UTC,1,1.64,7
2019-01-01 00:33:57.000000 UTC,2019-01-01 00:44:36.000000 UTC,1,1.8,95
2019-01-01 00:33:58.000000 UTC,2019-01-01 00:43:51.000000 UTC,1,2.38,41
2019-01-01 00:33:58.000000 UTC,2019-01-01 01:06:23.000000 UTC,1,5.04,37
2019-01-01 00:34:00.000000 UTC,2019-01-01 00:41:44.000000 UTC,1,3.97,260
2019-01-01 00:34:07.000000 UTC,2019-01-01 01:05:48.000000 UTC,1,11.3,41
2019-01-01 00:34:11.000000 UTC,2019-01-01 00:52:39.000000 UTC,5,3.49,7
2019-01-01 00:34:11.000000 UTC,2019-01-01 00:52:36.000000 UTC,1,3.79,241
2019-01-01 00:34:13.000000 UTC,2019-01-01 00:50:33.000000 UTC,1,2.2,7
2019-01-01 00:34:17.000000 UTC,2019-01-01 00:51:40.000000 UTC,1,2.6,25
2019-01-01 00:34:20.000000 UTC,2019-01-01 00:50:28.000000 UTC,1,6.52,255
2019-01-01 00:34:21.000000 UTC,2019-01-01 00:42:38.000000 UTC,6,1.45,42
2019-01-01 00:34:22.000000 UTC,2019-01-01 00:58:25.000000 UTC,1,5.66,60
2019-01-01 00:34:25.000000 UTC,2019-01-01 00:51:24.000000 UTC,2,2.67,75
2019-01-01 00:34:25.000000 UTC,2019-01-01 01:04:51.000000 UTC,1,13.7,16
2019-01-01 00:34:28.000000 UTC,2019-01-01 00:55:09.000000 UTC,1,2.85,61
2019-01-01 00:34:31.000000 UTC,2019-01-01 00:44:30.000000 UTC,1,2,169
2019-01-01 00:34:32.000000 UTC,2019-01-01 00:47:57.000000 UTC,1,2.38,80
2019-01-01 00:34:36.000000 UTC,2019-01-01 00:50:42.000000 UTC,1,4.67,129
2019-01-01 00:34:38.000000 UTC,2019-01-01 00:50:19.000000 UTC,1,3.71,7
2019-01-01 00:34:39.000000 UTC,2019-01-01 01:06:30.000000 UTC,1,13.06,77
2019-01-01 00:34:40.000000 UTC,2019-01-01 00:38:21.000000 UTC,1,0.78,255
2019-01-01 00:34:40.000000 UTC,2019-01-01 00:49:56.000000 UTC,1,4.96,112
2019-01-01 00:34:44.000000 UTC,2019-01-01 00:47:29.000000 UTC,2,2.68,35
2019-01-01 00:34:45.000000 UTC,2019-01-01 01:25:12.000000 UTC,2,0,97
2019-01-01 00:34:47.000000 UTC,2019-01-01 01:09:20.000000 UTC,2,13.01,198
2019-01-01 00:34:47.000000 UTC,2019-01-01 00:45:36.000000 UTC,1,2.78,255
2019-01-01 00:34:50.000000 UTC,2019-01-01 01:00:36.000000 UTC,2,0.27,181
2019-01-01 00:34:58.000000 UTC,2019-01-01 01:00:56.000000 UTC,1,4.63,35
2019-01-01 00:35:03.000000 UTC,2019-01-01 00:58:32.000000 UTC,1,4,255
2019-01-01 00:35:07.000000 UTC,2019-01-01 00:52:40.000000 UTC,1,6.73,33
2019-01-01 00:35:08.000000 UTC,2019-01-01 00:52:44.000000 UTC,1,3.65,75
2019-01-01 00:35:09.000000 UTC,2019-01-01 00:39:37.000000 UTC,1,1.4,74
2019-01-01 00:35:10.000000 UTC,2019-01-01 00:41:41.000000 UTC,1,0.89,256
2019-01-01 00:35:11.000000 UTC,2019-01-01 00:43:59.000000 UTC,1,1.53,188
2019-01-01 00:35:12.000000 UTC,2019-01-01 00:58:44.000000 UTC,2,5.98,255
2019-01-01 00:35:13.000000 UTC,2019-01-01 01:18:53.000000 UTC,1,13.9,74
2019-01-01 00:35:15.000000 UTC,2019-01-01 00:43:01.000000 UTC,2,2.1,185
2019-01-01 00:35:17.000000 UTC,2019-01-01 00:53:32.000000 UTC,5,6.54,226
2019-01-01 00:35:17.000000 UTC,2019-01-01 00:45:20.000000 UTC,1,1.6,181
2019-01-01 00:35:19.000000 UTC,2019-01-01 00:40:48.000000 UTC,1,0.88,145
2019-01-01 00:35:27.000000 UTC,2019-01-01 00:54:07.000000 UTC,5,3.87,75
2019-01-01 00:35:30.000000 UTC,2019-01-01 00:50:17.000000 UTC,3,0,225
2019-01-01 00:35:35.000000 UTC,2019-01-01 00:48:03.000000 UTC,1,2.44,7
2019-01-01 00:35:40.000000 UTC,2019-01-01 01:20:13.000000 UTC,3,23.77,3
2019-01-01 00:35:42.000000 UTC,2019-01-01 01:01:49.000000 UTC,1,5.34,181
2019-01-01 00:35:45.000000 UTC,2019-01-01 00:44:17.000000 UTC,1,2.44,256
2019-01-01 00:35:47.000000 UTC,2019-01-01 00:46:49.000000 UTC,1,2.15,83
2019-01-01 00:35:51.000000 UTC,2019-01-01 00:36:15.000000 UTC,1,0.04,65
2019-01-01 00:35:51.000000 UTC,2019-01-01 01:22:34.000000 UTC,2,7.81,80
2019-01-01 00:35:52.000000 UTC,2019-01-01 00:46:25.000000 UTC,1,1.63,49
2019-01-01 00:35:52.000000 UTC,2019-01-01 00:40:00.000000 UTC,1,0.8,7
2019-01-01 00:35:53.000000 UTC,2019-01-01 00:37:53.000000 UTC,1,0.36,42
2019-01-01 00:36:03.000000 UTC,2019-01-01 00:46:51.000000 UTC,1,2.11,169
2019-01-01 00:36:04.000000 UTC,2019-01-01 00:51:13.000000 UTC,1,2.91,83
2019-01-01 00:36:07.000000 UTC,2019-01-01 00:41:01.000000 UTC,1,1.02,54
2019-01-01 00:36:10.000000 UTC,2019-01-01 01:32:29.000000 UTC,1,14.7,225
2019-01-01 00:36:10.000000 UTC,2019-01-01 00:45:06.000000 UTC,2,1.14,257
2019-01-01 00:36:13.000000 UTC,2019-01-01 00:49:35.000000 UTC,1,2.97,226
2019-01-01 00:36:13.000000 UTC,2019-01-01 00:47:38.000000 UTC,1,1.57,25
2019-01-01 00:36:14.000000 UTC,2019-01-01 00:49:32.000000 UTC,2,2.73,74
2019-01-01 00:36:20.000000 UTC,2019-01-01 00:52:31.000000 UTC,1,5.04,250
2019-01-01 00:36:22.000000 UTC,2019-01-01 00:50:21.000000 UTC,1,3.54,41
2019-01-01 00:36:26.000000 UTC,2019-01-01 00:52:46.000000 UTC,1,8.26,74
2019-01-01 00:36:28.000000 UTC,2019-01-01 00:45:49.000000 UTC,1,1.84,223
2019-01-01 00:36:29.000000 UTC,2019-01-01 00:36:29.000000 UTC,1,0,264
2019-01-01 00:36:32.000000 UTC,2019-01-01 01:07:24.000000 UTC,1,11,75
2019-01-01 00:36:35.000000 UTC,2019-01-01 00:54:14.000000 UTC,1,6.3,152
2019-01-01 00:36:38.000000 UTC,2019-01-01 01:10:15.000000 UTC,1,13.08,20
2019-01-01 00:36:43.000000 UTC,2019-01-01 01:25:47.000000 UTC,1,19.78,97
2019-01-01 00:36:49.000000 UTC,2019-01-01 00:44:57.000000 UTC,1,1,66
2019-01-01 00:36:50.000000 UTC,2019-01-01 00:53:21.000000 UTC,5,3.47,112
2019-01-01 00:36:51.000000 UTC,2019-01-01 01:06:44.000000 UTC,1,9.74,179
2019-01-01 00:36:55.000000 UTC,2019-01-01 00:49:38.000000 UTC,1,6.23,74
2019-01-01 00:36:56.000000 UTC,2019-01-01 00:43:50.000000 UTC,5,1.32,223
2019-01-01 00:36:57.000000 UTC,2019-01-01 00:43:40.000000 UTC,1,2.64,226
2019-01-01 00:36:58.000000 UTC,2019-01-01 00:56:04.000000 UTC,1,3.24,56
2019-01-01 00:37:00.000000 UTC,2019-01-01 00:56:42.000000 UTC,1,6.84,223
2019-01-01 00:37:03.000000 UTC,2019-01-01 01:09:06.000000 UTC,1,12.92,260
2019-01-01 00:37:08.000000 UTC,2019-01-01 00:45:55.000000 UTC,4,1.98,41
2019-01-01 00:37:19.000000 UTC,2019-01-01 00:45:55.000000 UTC,1,1.83,188
2019-01-01 00:37:22.000000 UTC,2019-01-01 00:45:11.000000 UTC,1,2.13,42
2019-01-01 00:37:23.000000 UTC,2019-01-01 00:50:11.000000 UTC,1,1.22,97
2019-01-01 00:37:23.000000 UTC,2019-01-01 00:46:16.000000 UTC,1,1.68,42
2019-01-01 00:37:25.000000 UTC,2019-01-01 00:56:44.000000 UTC,1,8.13,60
2019-01-01 00:37:29.000000 UTC,2019-01-01 01:11:04.000000 UTC,1,16.88,55
2019-01-01 00:37:32.000000 UTC,2019-01-01 01:07:04.000000 UTC,1,3.76,181
2019-01-01 00:37:33.000000 UTC,2019-01-01 00:57:04.000000 UTC,1,4.5,130
2019-01-01 00:37:35.000000 UTC,2019-01-01 00:47:28.000000 UTC,1,2.28,89
2019-01-01 00:37:35.000000 UTC,2019-01-01 00:57:45.000000 UTC,1,5.47,40
2019-01-01 00:37:36.000000 UTC,2019-01-01 00:41:18.000000 UTC,1,0.88,74
2019-01-01 00:37:45.000000 UTC,2019-01-01 01:22:23.000000 UTC,1,19.5,228
2019-01-01 00:37:49.000000 UTC,2019-01-01 00:37:51.000000 UTC,1,0.06,264
2019-01-01 00:37:51.000000 UTC,2019-01-01 00:47:52.000000 UTC,1,1.54,49
2019-01-01 00:37:52.000000 UTC,2019-01-01 00:44:38.000000 UTC,1,1.2,71
2019-01-01 00:37:58.000000 UTC,2019-01-01 01:16:25.000000 UTC,5,15.3,17
2019-01-01 00:37:59.000000 UTC,2019-01-01 00:50:44.000000 UTC,1,2.2,82
2019-01-01 00:38:01.000000 UTC,2019-01-01 00:43:46.000000 UTC,1,1.21,41
2019-01-01 00:38:02.000000 UTC,2019-01-01 00:50:42.000000 UTC,2,2.42,82
2019-01-01 00:38:05.000000 UTC,2019-01-01 00:47:01.000000 UTC,1,2.47,255
2019-01-01 00:38:09.000000 UTC,2019-01-01 01:05:55.000000 UTC,1,4.5,255
2019-01-01 00:38:09.000000 UTC,2019-01-01 01:12:23.000000 UTC,1,6.32,66
2019-01-01 00:38:17.000000 UTC,2019-01-01 00:38:28.000000 UTC,1,0,95
2019-01-01 00:38:17.000000 UTC,2019-01-01 00:38:28.000000 UTC,1,0,95
2019-01-01 00:38:22.000000 UTC,2019-01-01 00:50:32.000000 UTC,5,4.66,25
2019-01-01 00:38:24.000000 UTC,2019-01-01 00:51:58.000000 UTC,1,5.02,65
2019-01-01 00:38:28.000000 UTC,2019-01-01 00:50:37.000000 UTC,1,0.8,25
2019-01-01 00:38:28.000000 UTC,2019-01-01 01:21:20.000000 UTC,1,6.71,65
2019-01-01 00:38:28.000000 UTC,2019-01-01 01:01:17.000000 UTC,1,3.71,181
2019-01-01 00:38:29.000000 UTC,2019-01-01 01:05:40.000000 UTC,1,6.79,256
2019-01-01 00:38:29.000000 UTC,2019-01-01 00:57:22.000000 UTC,6,5.58,18
2019-01-01 00:38:32.000000 UTC,2019-01-01 00:57:44.000000 UTC,1,8.56,18
2019-01-01 00:38:33.000000 UTC,2019-01-01 00:43:56.000000 UTC,1,1.18,41
2019-01-01 00:38:33.000000 UTC,2019-01-01 01:02:35.000000 UTC,1,7.36,255
2019-01-01 00:38:41.000000 UTC,2019-01-02 00:00:00.000000 UTC,1,8.4,25
2019-01-01 00:38:43.000000 UTC,2019-01-01 00:43:32.000000 UTC,1,0.9,74
2019-01-01 00:38:46.000000 UTC,2019-01-01 00:56:56.000000 UTC,1,5.59,65
2019-01-01 00:38:46.000000 UTC,2019-01-01 00:45:22.000000 UTC,1,1.11,25
2019-01-01 00:38:47.000000 UTC,2019-01-01 00:42:41.000000 UTC,1,0.56,7
2019-01-01 00:38:53.000000 UTC,2019-01-01 00:43:27.000000 UTC,1,0.68,17
2019-01-01 00:38:54.000000 UTC,2019-01-01 00:59:22.000000 UTC,1,3.92,258
2019-01-01 00:38:57.000000 UTC,2019-01-01 01:14:27.000000 UTC,3,8.3,42
2019-01-01 00:38:57.000000 UTC,2019-01-01 00:44:06.000000 UTC,1,0.84,41
2019-01-01 00:39:00.000000 UTC,2019-01-01 00:43:31.000000 UTC,1,1.1,41
2019-01-01 00:39:04.000000 UTC,2019-01-01 00:52:06.000000 UTC,4,3.14,260
2019-01-01 00:39:04.000000 UTC,2019-01-01 00:59:06.000000 UTC,1,1.38,89
2019-01-01 00:39:09.000000 UTC,2019-01-01 00:42:32.000000 UTC,1,0.57,7
2019-01-01 00:39:11.000000 UTC,2019-01-01 00:46:06.000000 UTC,2,1.29,7
2019-01-01 00:39:12.000000 UTC,2019-01-01 00:59:43.000000 UTC,1,6.48,166
2019-01-01 00:39:18.000000 UTC,2019-01-01 00:48:59.000000 UTC,1,2.1,82
2019-01-01 00:39:21.000000 UTC,2019-01-01 00:39:51.000000 UTC,1,0,49
2019-01-01 00:39:25.000000 UTC,2019-01-01 00:47:24.000000 UTC,1,1.63,255
2019-01-01 00:39:25.000000 UTC,2019-01-01 00:50:35.000000 UTC,1,1.72,157
2019-01-01 00:39:26.000000 UTC,2019-01-01 00:57:25.000000 UTC,1,6.3,75
2019-01-01 00:39:26.000000 UTC,2019-01-01 00:47:03.000000 UTC,5,3.2,179
2019-01-01 00:39:28.000000 UTC,2019-01-01 00:48:00.000000 UTC,1,1.29,7
2019-01-01 00:39:29.000000 UTC,2019-01-01 00:49:42.000000 UTC,1,3.79,42
2019-01-01 00:39:33.000000 UTC,2019-01-01 01:15:56.000000 UTC,1,12.2,166
2019-01-01 00:39:38.000000 UTC,2019-01-01 00:42:14.000000 UTC,2,0.6,256
2019-01-01 00:39:43.000000 UTC,2019-01-01 00:54:21.000000 UTC,1,2.2,242
2019-01-01 00:39:43.000000 UTC,2019-01-01 00:48:59.000000 UTC,1,1.69,116
2019-01-01 00:39:44.000000 UTC,2019-01-01 00:57:44.000000 UTC,1,6.3,112
2019-01-01 00:39:45.000000 UTC,2019-01-01 01:07:21.000000 UTC,1,10,61
2019-01-01 00:39:50.000000 UTC,2019-01-01 00:45:55.000000 UTC,1,1.91,112
2019-01-01 00:39:51.000000 UTC,2019-01-01 00:43:05.000000 UTC,3,0.75,260
2019-01-01 00:39:52.000000 UTC,2019-01-01 01:11:33.000000 UTC,2,11.25,244
2019-01-01 00:39:59.000000 UTC,2019-01-01 00:43:18.000000 UTC,1,1.45,75
2019-01-01 00:40:01.000000 UTC,2019-01-01 01:14:48.000000 UTC,1,8.59,97
2019-01-01 00:40:08.000000 UTC,2019-01-01 00:51:59.000000 UTC,1,2.1,95
2019-01-01 00:40:09.000000 UTC,2019-01-01 00:51:19.000000 UTC,1,2.29,152
2019-01-01 00:40:13.000000 UTC,2019-01-01 00:44:20.000000 UTC,5,0.73,166
2019-01-01 00:40:14.000000 UTC,2019-01-01 01:10:54.000000 UTC,1,10.27,181
2019-01-01 00:40:17.000000 UTC,2019-01-01 00:45:26.000000 UTC,1,1.41,41
2019-01-01 00:40:17.000000 UTC,2019-01-01 00:49:19.000000 UTC,1,1.58,112
2019-01-01 00:40:17.000000 UTC,2019-01-01 00:50:23.000000 UTC,1,2.72,146
2019-01-01 00:40:18.000000 UTC,2019-01-01 01:03:58.000000 UTC,1,4.36,236
2019-01-01 00:40:18.000000 UTC,2019-01-01 01:02:00.000000 UTC,1,3.29,17
2019-01-01 00:40:20.000000 UTC,2019-01-01 00:56:08.000000 UTC,1,1.48,97
2019-01-01 00:40:23.000000 UTC,2019-01-02 00:38:29.000000 UTC,1,1.44,259
2019-01-01 00:40:23.000000 UTC,2019-01-01 00:56:12.000000 UTC,2,2.8,106
2019-01-01 00:40:28.000000 UTC,2019-01-01 00:49:16.000000 UTC,1,2.1,95
2019-01-01 00:40:28.000000 UTC,2019-01-01 00:48:13.000000 UTC,1,1.2,41
2019-01-01 00:40:29.000000 UTC,2019-01-01 00:45:32.000000 UTC,1,0.9,75
2019-01-01 00:40:29.000000 UTC,2019-01-01 01:02:29.000000 UTC,1,5.67,41
2019-01-01 00:40:32.000000 UTC,2019-01-01 00:59:53.000000 UTC,2,6.91,112
2019-01-01 00:40:33.000000 UTC,2019-01-01 00:55:53.000000 UTC,2,2.85,60
2019-01-01 00:40:34.000000 UTC,2019-01-01 00:51:16.000000 UTC,1,3.4,41
2019-01-01 00:40:36.000000 UTC,2019-01-01 01:07:56.000000 UTC,1,10.38,71
2019-01-01 00:40:40.000000 UTC,2019-01-01 00:49:36.000000 UTC,5,1.87,7
2019-01-01 00:40:41.000000 UTC,2019-01-01 00:52:42.000000 UTC,1,1.93,61
2019-01-01 00:40:44.000000 UTC,2019-01-01 00:57:31.000000 UTC,3,3,256
2019-01-01 00:40:52.000000 UTC,2019-01-01 01:07:15.000000 UTC,1,7.16,228
2019-01-01 00:40:52.000000 UTC,2019-01-01 00:57:17.000000 UTC,5,3.08,31
2019-01-01 00:40:53.000000 UTC,2019-01-01 00:45:56.000000 UTC,1,0.9,42
2019-01-01 00:40:54.000000 UTC,2019-01-01 01:03:11.000000 UTC,1,4.03,112
2019-01-01 00:40:55.000000 UTC,2019-01-01 00:52:42.000000 UTC,5,2.15,89
2019-01-01 00:40:59.000000 UTC,2019-01-01 00:57:52.000000 UTC,1,4.56,60
2019-01-01 00:41:01.000000 UTC,2019-01-01 00:50:18.000000 UTC,1,1.57,181
2019-01-01 00:41:01.000000 UTC,2019-01-01 00:53:16.000000 UTC,2,4.3,244
2019-01-01 00:41:03.000000 UTC,2019-01-01 00:54:02.000000 UTC,1,2.1,225
2019-01-01 00:41:05.000000 UTC,2019-01-01 00:53:41.000000 UTC,1,3.52,95
2019-01-01 00:41:06.000000 UTC,2019-01-01 23:58:58.000000 UTC,2,1.67,82
2019-01-01 00:41:11.000000 UTC,2019-01-01 00:48:14.000000 UTC,1,1.43,166
2019-01-01 00:41:14.000000 UTC,2019-01-01 01:09:57.000000 UTC,1,5.3,49
2019-01-01 00:41:19.000000 UTC,2019-01-01 00:54:17.000000 UTC,1,2.48,255
2019-01-01 00:41:25.000000 UTC,2019-01-01 01:09:57.000000 UTC,1,8.38,166
2019-01-01 00:41:33.000000 UTC,2019-01-01 00:46:54.000000 UTC,2,1.54,146
2019-01-01 00:41:33.000000 UTC,2019-01-01 00:46:42.000000 UTC,1,0.59,65
2019-01-01 00:41:39.000000 UTC,2019-01-01 00:49:01.000000 UTC,1,1.4,244
2019-01-01 00:41:47.000000 UTC,2019-01-01 00:57:17.000000 UTC,1,3.01,66
2019-01-01 00:41:49.000000 UTC,2019-01-01 00:41:51.000000 UTC,2,0,220
2019-01-01 00:41:51.000000 UTC,2019-01-01 01:16:48.000000 UTC,1,10.11,33
2019-01-01 00:41:52.000000 UTC,2019-01-01 00:53:57.000000 UTC,1,3.1,25
2019-01-01 00:41:55.000000 UTC,2019-01-01 00:57:44.000000 UTC,1,5.3,74
2019-01-01 00:41:57.000000 UTC,2019-01-01 01:03:29.000000 UTC,4,6.63,129
2019-01-01 00:41:58.000000 UTC,2019-01-01 01:00:34.000000 UTC,1,4.1,244
2019-01-01 00:42:04.000000 UTC,2019-01-01 01:19:25.000000 UTC,2,15.31,225
2019-01-01 00:42:04.000000 UTC,2019-01-01 01:00:49.000000 UTC,1,5.75,116
2019-01-01 00:42:06.000000 UTC,2019-01-01 00:57:04.000000 UTC,1,0.99,97
2019-01-01 00:42:07.000000 UTC,2019-01-01 00:55:30.000000 UTC,1,2.16,74
2019-01-01 00:42:12.000000 UTC,2019-01-01 00:50:27.000000 UTC,1,1.45,7
2019-01-01 00:42:21.000000 UTC,2019-01-01 01:00:29.000000 UTC,1,3.51,145
2019-01-01 00:42:38.000000 UTC,2019-01-01 00:46:47.000000 UTC,1,1,61
2019-01-01 00:42:39.000000 UTC,2019-01-01 00:55:20.000000 UTC,1,3.81,112
2019-01-01 00:42:42.000000 UTC,2019-01-01 01:00:01.000000 UTC,1,3.53,112
2019-01-01 00:42:46.000000 UTC,2019-01-01 01:04:57.000000 UTC,1,4.68,255
2019-01-01 00:42:46.000000 UTC,2019-01-01 00:48:31.000000 UTC,1,0.83,74
2019-01-01 00:42:49.000000 UTC,2019-01-01 00:49:04.000000 UTC,1,1.32,129
2019-01-01 00:42:54.000000 UTC,2019-01-01 00:53:59.000000 UTC,1,2,83
2019-01-01 00:42:55.000000 UTC,2019-01-01 01:05:30.000000 UTC,1,5.03,116
2019-01-01 00:43:00.000000 UTC,2019-01-01 00:53:38.000000 UTC,1,3.4,95
2019-01-01 00:43:07.000000 UTC,2019-01-01 01:10:07.000000 UTC,1,9.5,49
2019-01-01 00:43:10.000000 UTC,2019-01-01 00:47:33.000000 UTC,1,0.64,255
2019-01-01 00:43:11.000000 UTC,2019-01-01 01:04:02.000000 UTC,1,4.11,255
2019-01-01 00:43:16.000000 UTC,2019-01-01 00:53:39.000000 UTC,1,1.6,116
2019-01-01 00:43:20.000000 UTC,2019-01-01 00:49:58.000000 UTC,1,0.91,80
2019-01-01 00:43:21.000000 UTC,2019-01-01 00:47:00.000000 UTC,1,0.66,223
2019-01-01 00:43:25.000000 UTC,2019-01-01 00:54:24.000000 UTC,1,2.22,166
2019-01-01 00:43:31.000000 UTC,2019-01-01 00:49:44.000000 UTC,1,1.1,66
2019-01-01 00:43:31.000000 UTC,2019-01-01 00:44:24.000000 UTC,1,0.05,82
2019-01-01 00:43:36.000000 UTC,2019-01-01 00:55:41.000000 UTC,1,2.76,33
2019-01-01 00:43:40.000000 UTC,2019-01-01 00:48:22.000000 UTC,1,0.97,223
2019-01-01 00:43:41.000000 UTC,2019-01-01 00:58:44.000000 UTC,2,2.9,25
2019-01-01 00:43:43.000000 UTC,2019-01-01 00:48:06.000000 UTC,1,1.28,145
2019-01-01 00:43:53.000000 UTC,2019-01-01 01:02:41.000000 UTC,1,3.86,74
2019-01-01 00:43:58.000000 UTC,2019-01-01 01:43:20.000000 UTC,1,21.51,51
2019-01-01 00:43:59.000000 UTC,2019-01-01 01:11:13.000000 UTC,1,4.9,181
2019-01-01 00:44:02.000000 UTC,2019-01-01 00:47:40.000000 UTC,1,0.5,41
2019-01-01 00:44:02.000000 UTC,2019-01-01 01:00:30.000000 UTC,1,7.34,7
2019-01-01 00:44:03.000000 UTC,2019-01-01 00:58:07.000000 UTC,1,3,75
2019-01-01 00:44:06.000000 UTC,2019-01-01 00:56:34.000000 UTC,2,5.1,255
2019-01-01 00:44:07.000000 UTC,2019-01-01 00:48:17.000000 UTC,1,0.96,146
2019-01-01 00:44:17.000000 UTC,2019-01-01 00:56:28.000000 UTC,1,2.08,42
2019-01-01 00:44:18.000000 UTC,2019-01-01 00:50:25.000000 UTC,1,1.24,255
2019-01-01 00:44:18.000000 UTC,2019-01-01 00:56:35.000000 UTC,1,1.8,71
2019-01-01 00:44:19.000000 UTC,2019-01-01 00:49:34.000000 UTC,1,0.96,108
2019-01-01 00:44:21.000000 UTC,2019-01-01 00:54:26.000000 UTC,2,1.82,7
2019-01-01 00:44:22.000000 UTC,2019-01-01 00:48:20.000000 UTC,2,0.9,74
2019-01-01 00:44:22.000000 UTC,2019-01-01 01:00:28.000000 UTC,1,3.62,166
2019-01-01 00:44:25.000000 UTC,2019-01-01 00:53:03.000000 UTC,1,1.99,17
2019-01-01 00:44:26.000000 UTC,2019-01-01 00:51:22.000000 UTC,1,0.9,74
2019-01-01 00:44:28.000000 UTC,2019-01-01 00:50:10.000000 UTC,1,1.08,181
2019-01-01 00:44:31.000000 UTC,2019-01-01 01:25:32.000000 UTC,1,13.54,223
2019-01-01 00:44:35.000000 UTC,2019-01-01 01:14:14.000000 UTC,1,8.67,97
2019-01-01 00:44:36.000000 UTC,2019-01-01 00:54:34.000000 UTC,1,1.58,74
2019-01-01 00:44:36.000000 UTC,2019-01-01 00:52:24.000000 UTC,1,0.83,62
2019-01-01 00:44:36.000000 UTC,2019-01-01 00:58:31.000000 UTC,1,2.27,80
2019-01-01 00:44:38.000000 UTC,2019-01-01 01:14:32.000000 UTC,1,6.05,25
2019-01-01 00:44:40.000000 UTC,2019-01-01 00:59:11.000000 UTC,1,3.6,244
2019-01-01 00:44:42.000000 UTC,2019-01-01 01:07:44.000000 UTC,1,5.32,18
2019-01-01 00:44:43.000000 UTC,2019-01-01 00:51:15.000000 UTC,1,0.87,256
2019-01-01 00:44:46.000000 UTC,2019-01-01 00:47:01.000000 UTC,2,0.42,256
2019-01-01 00:44:53.000000 UTC,2019-01-01 01:01:43.000000 UTC,2,3.27,7
2019-01-01 00:44:56.000000 UTC,2019-01-01 00:55:56.000000 UTC,1,3.46,33
2019-01-01 00:44:58.000000 UTC,2019-01-01 01:13:46.000000 UTC,1,9.97,41
2019-01-01 00:45:06.000000 UTC,2019-01-01 00:58:55.000000 UTC,2,3,66
2019-01-01 00:45:06.000000 UTC,2019-01-01 00:54:44.000000 UTC,6,1.7,42
2019-01-01 00:45:08.000000 UTC,2019-01-01 01:06:28.000000 UTC,1,6.36,42
2019-01-01 00:45:11.000000 UTC,2019-01-01 00:53:45.000000 UTC,1,1.79,150
2019-01-01 00:45:11.000000 UTC,2019-01-01 00:55:26.000000 UTC,1,1.83,41
2019-01-01 00:45:15.000000 UTC,2019-01-01 00:51:23.000000 UTC,1,1,173
2019-01-01 00:45:18.000000 UTC,2019-01-01 00:51:01.000000 UTC,1,1.02,74
2019-01-01 00:45:19.000000 UTC,2019-01-01 00:56:27.000000 UTC,1,1.8,76
2019-01-01 00:45:19.000000 UTC,2019-01-01 00:56:46.000000 UTC,1,2.72,74
2019-01-01 00:45:24.000000 UTC,2019-01-01 01:09:30.000000 UTC,2,4.1,49
2019-01-01 00:45:26.000000 UTC,2019-01-01 00:59:04.000000 UTC,1,2.92,49
2019-01-01 00:45:35.000000 UTC,2019-01-01 00:45:54.000000 UTC,3,1.5,49
2019-01-01 00:45:41.000000 UTC,2019-01-01 01:13:47.000000 UTC,1,4.65,181
2019-01-01 00:45:51.000000 UTC,2019-01-01 01:06:35.000000 UTC,1,5.23,60
2019-01-01 00:45:58.000000 UTC,2019-01-01 01:04:17.000000 UTC,1,4.76,112
2019-01-01 00:46:01.000000 UTC,2019-01-01 00:51:34.000000 UTC,1,0.93,41
2019-01-01 00:46:03.000000 UTC,2019-01-01 00:55:58.000000 UTC,1,1.45,255
2019-01-01 00:46:04.000000 UTC,2019-01-01 01:07:38.000000 UTC,1,3.8,65
2019-01-01 00:46:05.000000 UTC,2019-01-01 00:52:00.000000 UTC,2,0.72,95
2019-01-01 00:46:10.000000 UTC,2019-01-01 00:58:40.000000 UTC,1,3.1,129
2019-01-01 00:46:10.000000 UTC,2019-01-01 00:46:40.000000 UTC,1,0,264
2019-01-01 00:46:12.000000 UTC,2019-01-01 00:47:40.000000 UTC,1,0.2,17
2019-01-01 00:46:12.000000 UTC,2019-01-01 00:47:40.000000 UTC,1,0.2,17
2019-01-01 00:46:15.000000 UTC,2019-01-01 00:55:25.000000 UTC,6,2.19,41
2019-01-01 00:46:15.000000 UTC,2019-01-01 00:46:31.000000 UTC,1,0.36,258
2019-01-01 00:46:17.000000 UTC,2019-01-01 00:55:03.000000 UTC,1,1.56,42
2019-01-01 00:46:20.000000 UTC,2019-01-01 01:03:20.000000 UTC,1,3.55,188
2019-01-01 00:46:20.000000 UTC,2019-01-01 01:04:54.000000 UTC,2,2.68,189
2019-01-01 00:46:23.000000 UTC,2019-01-01 00:51:28.000000 UTC,1,1.81,42
2019-01-01 00:46:24.000000 UTC,2019-01-01 00:57:18.000000 UTC,1,1.83,42
2019-01-01 00:46:27.000000 UTC,2019-01-01 01:22:54.000000 UTC,1,7,25
2019-01-01 00:46:29.000000 UTC,2019-01-01 00:51:52.000000 UTC,1,1,75
2019-01-01 00:46:30.000000 UTC,2019-01-01 00:51:45.000000 UTC,1,0.92,256
2019-01-01 00:46:31.000000 UTC,2019-01-01 01:02:10.000000 UTC,1,3.06,166
2019-01-01 00:46:32.000000 UTC,2019-01-01 00:55:14.000000 UTC,1,1.5,223
2019-01-01 00:46:34.000000 UTC,2019-01-01 00:58:05.000000 UTC,1,2.3,42
2019-01-01 00:46:36.000000 UTC,2019-01-01 00:57:32.000000 UTC,1,3.55,112
2019-01-01 00:46:38.000000 UTC,2019-01-01 00:52:30.000000 UTC,2,1.06,49
2019-01-01 00:46:38.000000 UTC,2019-01-01 00:55:20.000000 UTC,1,4.11,95
2019-01-01 00:46:40.000000 UTC,2019-01-01 00:55:25.000000 UTC,1,1.89,150
2019-01-01 00:46:42.000000 UTC,2019-01-01 00:55:15.000000 UTC,1,1.18,82
2019-01-01 00:46:46.000000 UTC,2019-01-01 00:51:54.000000 UTC,1,1.28,66
2019-01-01 00:46:48.000000 UTC,2019-01-01 00:59:37.000000 UTC,1,3.25,75
2019-01-01 00:46:48.000000 UTC,2019-01-01 00:53:59.000000 UTC,1,1.4,193
2019-01-01 00:46:51.000000 UTC,2019-01-01 01:09:04.000000 UTC,2,4.6,47
2019-01-01 00:46:52.000000 UTC,2019-01-01 01:15:56.000000 UTC,2,11.87,254
2019-01-01 00:46:54.000000 UTC,2019-01-01 01:11:26.000000 UTC,6,7.88,112
2019-01-01 00:46:59.000000 UTC,2019-01-01 00:54:13.000000 UTC,1,1.38,42
2019-01-01 00:47:04.000000 UTC,2019-01-01 01:06:21.000000 UTC,2,6.5,223
2019-01-01 00:47:05.000000 UTC,2019-01-01 01:06:02.000000 UTC,1,3.4,7
2019-01-01 00:47:07.000000 UTC,2019-01-01 01:42:18.000000 UTC,1,9.96,36
2019-01-01 00:47:07.000000 UTC,2019-01-01 00:51:19.000000 UTC,1,0.72,130
2019-01-01 00:47:12.000000 UTC,2019-01-01 00:52:09.000000 UTC,1,1.2,74
2019-01-01 00:47:14.000000 UTC,2019-01-01 00:50:55.000000 UTC,1,0.87,179
2019-01-01 00:47:15.000000 UTC,2019-01-01 01:04:28.000000 UTC,2,3.25,112
2019-01-01 00:47:17.000000 UTC,2019-01-01 01:00:00.000000 UTC,1,2.47,75
2019-01-01 00:47:17.000000 UTC,2019-01-01 01:05:12.000000 UTC,1,7.08,74
2019-01-01 00:47:27.000000 UTC,2019-01-01 01:00:43.000000 UTC,1,3.18,66
2019-01-01 00:47:30.000000 UTC,2019-01-01 01:00:45.000000 UTC,1,5.77,75
2019-01-01 00:47:30.000000 UTC,2019-01-01 00:52:32.000000 UTC,1,0.34,82
2019-01-01 00:47:37.000000 UTC,2019-01-01 00:50:08.000000 UTC,1,0.74,116
2019-01-01 00:47:53.000000 UTC,2019-01-01 01:12:43.000000 UTC,2,6.71,254
2019-01-01 00:47:55.000000 UTC,2019-01-01 01:00:01.000000 UTC,1,3.77,255
2019-01-01 00:47:59.000000 UTC,2019-01-01 01:06:43.000000 UTC,1,2.7,61
2019-01-01 00:47:59.000000 UTC,2019-01-01 00:56:41.000000 UTC,1,2.22,65
2019-01-01 00:48:00.000000 UTC,2019-01-01 00:50:26.000000 UTC,1,0.47,244
2019-01-01 00:48:00.000000 UTC,2019-01-01 01:18:15.000000 UTC,1,10.39,129
2019-01-01 00:48:10.000000 UTC,2019-01-01 00:53:28.000000 UTC,1,1.11,74
2019-01-01 00:48:22.000000 UTC,2019-01-01 00:50:08.000000 UTC,1,0.4,49
2019-01-01 00:48:24.000000 UTC,2019-01-01 00:48:44.000000 UTC,1,0,42
2019-01-01 00:48:25.000000 UTC,2019-01-01 01:00:29.000000 UTC,1,2.55,82
2019-01-01 00:48:27.000000 UTC,2019-01-01 00:55:49.000000 UTC,1,1.4,7
2019-01-01 00:48:28.000000 UTC,2019-01-01 00:59:53.000000 UTC,1,2.72,181
2019-01-01 00:48:30.000000 UTC,2019-01-01 00:54:13.000000 UTC,1,1,41
2019-01-01 00:48:33.000000 UTC,2019-01-01 01:15:41.000000 UTC,1,11.66,222
2019-01-01 00:48:40.000000 UTC,2019-01-01 00:53:54.000000 UTC,2,1.17,256
2019-01-01 00:48:43.000000 UTC,2019-01-01 01:03:08.000000 UTC,1,5.64,243
2019-01-01 00:48:51.000000 UTC,2019-01-01 00:59:07.000000 UTC,1,2.17,260
2019-01-01 00:48:54.000000 UTC,2019-01-01 00:56:56.000000 UTC,1,1.1,129
2019-01-01 00:48:56.000000 UTC,2019-01-01 00:52:51.000000 UTC,1,0.58,260
2019-01-01 00:48:59.000000 UTC,2019-01-01 01:16:59.000000 UTC,1,9.17,35
2019-01-01 00:49:04.000000 UTC,2019-01-01 01:21:07.000000 UTC,1,6.38,225
2019-01-01 00:49:06.000000 UTC,2019-01-01 01:02:28.000000 UTC,1,1.61,255
2019-01-01 00:49:06.000000 UTC,2019-01-01 00:58:02.000000 UTC,1,1.02,129
2019-01-01 00:49:09.000000 UTC,2019-01-01 00:59:04.000000 UTC,1,1.65,41
2019-01-01 00:49:09.000000 UTC,2019-01-01 00:56:41.000000 UTC,1,2.3,198
2019-01-01 00:49:09.000000 UTC,2019-01-01 01:04:20.000000 UTC,1,2.29,97
2019-01-01 00:49:21.000000 UTC,2019-01-01 02:02:25.000000 UTC,1,19.83,265
2019-01-01 00:49:22.000000 UTC,2019-01-01 01:12:36.000000 UTC,1,3.04,255
2019-01-01 00:49:22.000000 UTC,2019-01-01 01:28:15.000000 UTC,1,27.43,145
2019-01-01 00:49:23.000000 UTC,2019-01-01 00:52:17.000000 UTC,1,0.61,166
2019-01-01 00:49:25.000000 UTC,2019-01-01 00:58:40.000000 UTC,1,1.44,7
2019-01-01 00:49:32.000000 UTC,2019-01-01 00:55:46.000000 UTC,1,1.02,41
2019-01-01 00:49:36.000000 UTC,2019-01-01 01:11:19.000000 UTC,1,4.97,78
2019-01-01 00:49:37.000000 UTC,2019-01-01 01:18:25.000000 UTC,2,6.66,179
2019-01-01 00:49:38.000000 UTC,2019-01-01 01:02:16.000000 UTC,2,5.78,7
2019-01-01 00:49:46.000000 UTC,2019-01-01 00:57:15.000000 UTC,1,1.5,83
2019-01-01 00:49:53.000000 UTC,2019-01-01 00:55:50.000000 UTC,1,1.06,7
2019-01-01 00:50:02.000000 UTC,2019-01-01 01:17:22.000000 UTC,1,4.1,181
2019-01-01 00:50:05.000000 UTC,2019-01-01 01:31:55.000000 UTC,1,9.01,61
2019-01-01 00:50:06.000000 UTC,2019-01-01 01:13:49.000000 UTC,6,6.49,33
2019-01-01 00:50:06.000000 UTC,2019-01-01 01:06:43.000000 UTC,1,2.78,7
2019-01-01 00:50:11.000000 UTC,2019-01-01 01:00:43.000000 UTC,2,1.96,65
2019-01-01 00:50:14.000000 UTC,2019-01-01 00:59:54.000000 UTC,1,1.69,41
2019-01-01 00:50:16.000000 UTC,2019-01-01 01:25:21.000000 UTC,2,8.9,256
2019-01-01 00:50:20.000000 UTC,2019-01-01 00:56:30.000000 UTC,1,0.91,75
2019-01-01 00:50:25.000000 UTC,2019-01-01 01:11:36.000000 UTC,1,4.34,168
2019-01-01 00:50:28.000000 UTC,2019-01-01 01:19:20.000000 UTC,1,7.83,97
2019-01-01 00:50:32.000000 UTC,2019-01-01 00:59:23.000000 UTC,1,1.87,42